Energy (keV),Intensity (cps)
-0.010799409337491562,0.0
20.028896194785716,0.0
40.06859179890892,0.0
60.10828740303212,0.0
80.14798300715533,0.0
100.18767861127854,0.0
120.22737421540174,0.0
140.26706981952495,0.0
160.30676542364816,0.0
180.34646102777137,0.0
200.38615663189458,0.0
220.4258522360178,0.0
240.46554784014097,0.0
260.5052434442642,0.0
280.5449390483874,0.0
300.5846346525106,0.0
320.6243302566338,0.0
340.664025860757,0.0
360.70372146488023,0.0
380.74341706900344,0.0
400.78311267312665,0.0
420.82280827724986,0.7242910634331274
440.8625038813731,0.7242910634331274
460.9021994854963,0.3621455317165637
480.94189508961944,0.7242910634331274
500.98159069374265,0.3621455317165637
521.0212862978659,1.086436595149691
541.0609819019892,1.086436595149691
561.1006775061123,1.086436595149691
581.1403731102356,1.4485821268662549
601.1800687143588,1.8107276585828185
621.219764318482,1.8107276585828185
641.2594599226052,3.2593097854490733
661.2991555267283,1.4485821268662549
681.3388511308516,1.4485821268662549
701.3785467349747,1.4485821268662549
721.418242339098,3.2593097854490733
741.4579379432212,3.2593097854490733
761.4976335473444,3.9836008488822006
781.5373291514676,5.432182975748455
801.5770247555909,2.5350187220159457
821.616720359714,2.8971642537325097
841.6564159638373,5.070037444031891
861.6961115679604,4.345746380598764
881.7358071720837,2.172873190299382
901.7755027762068,4.707891912315328
921.8151983803301,4.345746380598764
941.8548939844533,3.9836008488822006
961.8945895885764,2.5350187220159457
981.9342851926997,5.432182975748455
1001.9739807968228,2.5350187220159457
1022.0136764009461,3.2593097854490733
1042.0533720050691,2.8971642537325097
1062.0930676091923,3.621455317165637
1082.1327632133157,2.8971642537325097
1102.1724588174388,1.8107276585828185
1122.212154421562,3.2593097854490733
1142.2518500256851,2.5350187220159457
1162.2915456298085,3.621455317165637
1182.3312412339317,3.621455317165637
1202.3709368380548,2.172873190299382
1222.410632442178,2.8971642537325097
1242.4503280463014,3.9836008488822006
1262.4900236504245,2.5350187220159457
1282.5297192545477,1.4485821268662549
1302.5694148586708,3.621455317165637
1322.609110462794,2.172873190299382
1342.6488060669174,3.621455317165637
1362.6885016710405,1.086436595149691
1382.7281972751637,2.172873190299382
1402.7678928792868,0.7242910634331274
1422.8075884834102,1.4485821268662549
1442.8472840875334,5.432182975748455
1462.8869796916565,2.172873190299382
1482.9266752957797,5.070037444031891
1502.966370899903,4.345746380598764
1523.0060665040262,3.2593097854490733
1543.0457621081493,1.8107276585828185
1563.0854577122725,2.5350187220159457
1583.1251533163959,1.4485821268662549
1603.164848920519,2.8971642537325097
1623.2045445246422,1.086436595149691
1643.2442401287653,1.4485821268662549
1663.2839357328885,2.172873190299382
1683.3236313370119,2.172873190299382
1703.363326941135,1.086436595149691
1723.4030225452582,0.7242910634331274
1743.4427181493813,2.8971642537325097
1763.4824137535047,1.8107276585828185
1783.5221093576279,2.8971642537325097
1803.561804961751,2.8971642537325097
1823.6015005658742,3.2593097854490733
1843.6411961699976,2.172873190299382
1863.6808917741207,5.432182975748455
1883.7205873782439,2.5350187220159457
1903.760282982367,3.9836008488822006
1923.7999785864902,3.621455317165637
1943.8396741906136,3.9836008488822006
1963.8793697947367,2.8971642537325097
1983.9190653988599,1.086436595149691
2003.958761002983,2.8971642537325097
2023.9984566071064,1.4485821268662549
2044.0381522112295,1.8107276585828185
2064.077847815353,1.8107276585828185
2084.117543419476,2.8971642537325097
2104.1572390235992,3.2593097854490733
2124.1969346277224,1.8107276585828185
2144.236630231846,1.8107276585828185
2164.276325835969,0.3621455317165637
2184.3160214400923,2.5350187220159457
2204.3557170442155,3.621455317165637
2224.3954126483386,1.8107276585828185
2244.4351082524618,2.8971642537325097
2264.474803856585,6.156474039181583
2284.514499460708,3.2593097854490733
2304.554195064831,3.9836008488822006
2324.593890668955,3.2593097854490733
2344.633586273078,2.8971642537325097
2364.673281877201,2.8971642537325097
2384.7129774813243,3.2593097854490733
2404.7526730854474,3.2593097854490733
2424.7923686895706,5.070037444031891
2444.8320642936937,2.8971642537325097
2464.871759897817,3.621455317165637
2484.9114555019405,3.621455317165637
2504.9511511060637,1.086436595149691
2524.990846710187,2.5350187220159457
2545.03054231431,1.8107276585828185
2565.070237918433,4.345746380598764
2585.1099335225563,1.8107276585828185
2605.1496291266794,2.172873190299382
2625.1893247308026,3.621455317165637
2645.2290203349257,1.086436595149691
2665.2687159390493,2.172873190299382
2685.3084115431725,1.4485821268662549
2705.3481071472957,2.172873190299382
2725.387802751419,1.086436595149691
2745.427498355542,1.8107276585828185
2765.467193959665,2.172873190299382
2785.5068895637883,0.7242910634331274
2805.5465851679114,1.4485821268662549
2825.586280772035,0.3621455317165637
2845.625976376158,2.172873190299382
2865.6656719802813,1.4485821268662549
2885.7053675844045,2.172873190299382
2905.7450631885276,2.172873190299382
2925.784758792651,3.2593097854490733
2945.824454396774,2.8971642537325097
2965.864150000897,1.8107276585828185
2985.9038456050203,2.8971642537325097
3005.943541209144,4.707891912315328
3025.983236813267,2.172873190299382
3046.02293241739,2.5350187220159457
3066.0626280215133,2.8971642537325097
3086.1023236256365,0.3621455317165637
3106.1420192297596,1.4485821268662549
3126.181714833883,2.5350187220159457
3146.221410438006,1.8107276585828185
3166.2611060421295,2.172873190299382
3186.3008016462527,0.3621455317165637
3206.340497250376,1.4485821268662549
3226.380192854499,1.8107276585828185
3246.419888458622,2.5350187220159457
3266.4595840627453,1.4485821268662549
3286.4992796668685,2.172873190299382
3306.5389752709916,3.2593097854490733
3326.5786708751148,2.172873190299382
3346.6183664792384,2.172873190299382
3366.6580620833615,1.8107276585828185
3386.6977576874847,1.4485821268662549
3406.737453291608,2.8971642537325097
3426.777148895731,1.086436595149691
3446.816844499854,1.8107276585828185
3466.8565401039773,1.4485821268662549
3486.8962357081004,1.086436595149691
3506.935931312224,3.9836008488822006
3526.975626916347,1.8107276585828185
3547.0153225204704,1.086436595149691
3567.0550181245935,1.8107276585828185
3587.0947137287167,1.086436595149691
3607.13440933284,2.5350187220159457
3627.174104936963,1.8107276585828185
3647.213800541086,5.432182975748455
3667.2534961452093,6.156474039181583
3687.293191749333,6.156474039181583
3707.332887353456,7.242910634331274
3727.372582957579,3.9836008488822006
3747.4122785617024,4.345746380598764
3767.4519741658255,1.8107276585828185
3787.4916697699487,2.172873190299382
3807.531365374072,1.8107276585828185
3827.571060978195,1.4485821268662549
3847.610756582318,1.4485821268662549
3867.6504521864417,0.7242910634331274
3887.690147790565,0.7242910634331274
3907.729843394688,1.4485821268662549
3927.769538998811,1.086436595149691
3947.8092346029343,0.7242910634331274
3967.8489302070575,1.4485821268662549
3987.8886258111806,1.8107276585828185
4007.928321415304,0.7242910634331274
4027.9680170194274,1.086436595149691
4048.0077126235506,1.4485821268662549
4068.0474082276737,1.4485821268662549
4088.087103831797,1.8107276585828185
4108.12679943592,2.8971642537325097
4128.166495040043,1.8107276585828185
4148.206190644166,2.5350187220159457
4168.245886248289,0.7242910634331274
4188.285581852412,1.086436595149691
4208.325277456535,1.4485821268662549
4228.3649730606585,1.086436595149691
4248.404668664782,1.086436595149691
4268.444364268905,2.172873190299382
4288.484059873029,1.8107276585828185
4308.523755477152,1.4485821268662549
4328.563451081275,0.7242910634331274
4348.603146685398,1.8107276585828185
4368.6428422895215,0.3621455317165637
4388.682537893645,1.086436595149691
4408.722233497768,2.172873190299382
4428.761929101891,2.5350187220159457
4448.801624706014,1.086436595149691
4468.841320310137,1.8107276585828185
4488.88101591426,1.4485821268662549
4508.9207115183835,1.086436595149691
4528.960407122507,2.172873190299382
4549.00010272663,1.8107276585828185
4569.039798330753,3.2593097854490733
4589.079493934876,5.070037444031891
4609.119189538999,7.242910634331274
4629.158885143123,9.053638292914092
4649.1985807472465,11.226511483213475
4669.23827635137,17.382985522395057
4689.277971955493,11.588657014930039
4709.317667559616,8.691492761197528
4729.357363163739,8.329347229480964
4749.397058767862,3.9836008488822006
4769.436754371985,2.8971642537325097
4789.476449976109,2.5350187220159457
4809.516145580232,1.086436595149691
4829.555841184355,1.4485821268662549
4849.595536788478,1.8107276585828185
4869.635232392601,2.172873190299382
4889.674927996724,2.172873190299382
4909.7146236008475,2.5350187220159457
4929.754319204971,6.518619570898147
4949.794014809094,1.8107276585828185
4969.833710413218,6.156474039181583
4989.873406017341,8.329347229480964
5009.913101621464,2.5350187220159457
5029.952797225587,2.172873190299382
5049.9924928297105,2.8971642537325097
5070.032188433834,2.8971642537325097
5090.071884037957,1.086436595149691
5110.11157964208,3.2593097854490733
5130.151275246203,3.621455317165637
5150.190970850326,3.621455317165637
5170.230666454449,2.172873190299382
5190.270362058573,4.345746380598764
5210.310057662696,3.2593097854490733
5230.349753266819,5.432182975748455
5250.389448870942,7.242910634331274
5270.429144475065,21.004440839560694
5290.468840079188,30.420224664191352
5310.508535683312,80.03416250936057
5330.548231287436,178.89989266798247
5350.587926891559,310.35872068109506
5370.627622495682,500.48512483229104
5390.667318099805,694.9572753640857
5410.707013703928,828.9511220992143
5430.746709308051,841.626215709294
5450.7864049121745,754.3491425656022
5470.826100516298,563.4984473509732
5490.865796120421,330.63887045722265
5510.905491724544,205.3365164832916
5530.945187328667,89.08780080227467
5550.98488293279,41.64673614740482
5571.024578536913,16.65869445896193
5591.064274141037,9.415783824630656
5611.10396974516,3.2593097854490733
5631.143665349283,5.432182975748455
5651.183360953407,6.518619570898147
5671.22305655753,5.070037444031891
5691.262752161653,3.2593097854490733
5711.302447765776,3.2593097854490733
5731.3421433698995,6.156474039181583
5751.381838974023,5.432182975748455
5771.421534578146,9.415783824630656
5791.461230182269,10.86436595149691
5811.500925786392,14.847966800379112
5831.540621390515,29.695933600758224
5851.580316994638,60.840449328382704
5871.620012598762,92.34711058772375
5891.659708202885,115.88657014930038
5911.699403807008,149.92825013065737
5931.739099411131,177.81345607283276
5951.778795015254,180.71062032656528
5971.818490619377,157.89545182842178
5991.858186223501,118.42158887131633
6011.897881827625,80.7584535727937
6031.937577431748,50.70037444031892
6051.977273035871,36.9388442350895
6072.016968639994,18.46942211754475
6092.056664244117,10.86436595149691
6112.09635984824,6.88076510261471
6132.1360554523635,3.621455317165637
6152.175751056487,5.070037444031891
6172.21544666061,7.967201697764401
6192.255142264733,6.88076510261471
6212.294837868856,13.037239141796293
6232.334533472979,20.280149776127566
6252.374229077102,49.613937845169225
6272.413924681226,122.76733525191509
6292.453620285349,265.0905292165246
6312.493315889472,555.8933911849252
6332.533011493596,985.7601373324864
6352.572707097719,1524.2705429950165
6372.612402701842,2091.3904456631553
6392.652098305965,2563.990364553271
6412.691793910089,2666.4775500290584
6432.731489514212,2422.029316120378
6452.771185118335,1953.050852547428
6472.810880722458,1410.5568460360155
6492.850576326581,896.6723365302117
6512.890271930704,522.2138567352848
6532.9299675348275,247.345398162413
6552.969663138951,101.03860334892127
6573.009358743074,46.354628059720156
6593.049054347197,22.45302296642695
6613.08874995132,11.950802546646601
6633.128445555443,7.242910634331274
6653.168141159566,5.7943285074650195
6673.2078367636905,1.8107276585828185
6693.247532367814,6.88076510261471
6713.287227971937,6.88076510261471
6733.32692357606,6.88076510261471
6753.366619180183,5.432182975748455
6773.406314784306,4.345746380598764
6793.446010388429,6.88076510261471
6813.4857059925525,10.140074888063783
6833.525401596676,10.86436595149691
6853.565097200799,18.107276585828185
6873.604792804922,23.53945956157664
6893.644488409045,31.868806791057604
6913.684184013168,40.922445083971695
6933.7238796172915,56.13255741606737
6953.763575221415,99.59002122205501
6973.803270825538,125.6644995056476
6993.842966429661,210.4065539273235
7013.882662033785,291.8892985635503
7033.922357637908,369.0262968191784
7053.962053242031,421.8995444497967
7074.001748846154,419.36452572778074
7094.041444450278,386.77142787329
7114.081140054401,304.56439217363004
7134.120835658524,224.89237519598606
7154.160531262647,130.7345369496795
7174.20022686677,79.672016977644
7194.239922470893,48.16535571830297
7214.2796180750165,17.382985522395057
7234.31931367914,11.950802546646601
7254.359009283263,3.2593097854490733
7274.398704887386,2.5350187220159457
7294.438400491509,3.2593097854490733
7314.478096095632,8.691492761197528
7334.517791699755,13.76153020522942
7354.5574873038795,21.72873190299382
7374.597182908003,40.922445083971695
7394.636878512126,85.46634548510903
7414.676574116249,128.5616637593801
7434.716269720372,179.98632926313215
7454.755965324495,237.5674688060658
7474.795660928618,241.91321518666456
7494.835356532742,240.4646330597983
7514.875052136865,210.4065539273235
7534.914747740988,174.91629181910025
7554.954443345111,126.75093610079729
7574.994138949234,74.96412506532869
7595.033834553357,44.9060459328539
7615.0735301574805,27.160914878742275
7635.113225761604,9.415783824630656
7655.152921365727,6.518619570898147
7675.19261696985,3.621455317165637
7695.232312573973,2.8971642537325097
7715.272008178097,2.172873190299382
7735.31170378222,1.086436595149691
7755.3513993863435,0.7242910634331274
7775.391094990467,1.4485821268662549
7795.43079059459,0.3621455317165637
7815.470486198713,0.3621455317165637
7835.510181802836,1.086436595149691
7855.549877406959,1.8107276585828185
7875.589573011082,0.0
7895.629268615206,0.7242910634331274
7915.668964219329,1.8107276585828185
7935.708659823452,1.8107276585828185
7955.748355427575,3.621455317165637
7975.788051031698,2.172873190299382
7995.827746635821,3.9836008488822006
8015.8674422399445,6.518619570898147
8035.907137844068,6.156474039181583
8055.946833448192,7.605056166047838
8075.986529052315,6.156474039181583
8096.026224656438,8.329347229480964
8116.065920260561,9.053638292914092
8136.105615864684,7.605056166047838
8156.145311468807,10.502220419780347
8176.185007072931,14.847966800379112
8196.224702677053,23.53945956157664
8216.264398281177,27.160914878742275
8236.304093885301,38.74957189367232
8256.343789489423,39.11171742538888
8276.383485093547,44.543900401137336
8296.42318069767,38.74957189367232
8316.462876301794,34.041679981356985
8336.502571905916,22.815168498143514
8356.54226751004,19.55585871269444
8376.581963114162,9.77792935634722
8396.621658718286,7.605056166047838
8416.661354322408,3.621455317165637
8436.701049926533,2.172873190299382
8456.740745530655,0.7242910634331274
8476.780441134779,1.086436595149691
8496.820136738901,1.086436595149691
8516.859832343025,0.7242910634331274
8536.899527947147,0.7242910634331274
8556.939223551271,0.0
8576.978919155395,0.3621455317165637
8597.018614759518,0.0
8617.058310363642,0.3621455317165637
8637.098005967764,1.086436595149691
8657.137701571888,0.0
8677.17739717601,0.3621455317165637
8697.217092780134,0.0
8717.256788384257,0.3621455317165637
8737.29648398838,0.7242910634331274
8757.336179592503,0.3621455317165637
8777.375875196627,0.7242910634331274
8797.41557080075,0.7242910634331274
8817.455266404873,1.8107276585828185
8837.494962008996,1.4485821268662549
8857.53465761312,0.3621455317165637
8877.574353217242,1.8107276585828185
8897.614048821366,1.8107276585828185
8917.65374442549,1.8107276585828185
8937.693440029612,1.4485821268662549
8957.733135633736,0.3621455317165637
8977.772831237859,0.3621455317165637
8997.812526841983,0.3621455317165637
9017.852222446105,1.086436595149691
9037.891918050229,0.0
9057.931613654351,0.0
9077.971309258475,0.3621455317165637
9098.011004862597,1.086436595149691
9118.050700466722,0.3621455317165637
9138.090396070844,0.3621455317165637
9158.130091674968,0.3621455317165637
9178.16978727909,0.0
9198.209482883214,0.3621455317165637
9218.249178487336,0.0
9238.28887409146,0.7242910634331274
9258.328569695585,1.086436595149691
9278.368265299707,1.086436595149691
9298.40796090383,1.086436595149691
9318.447656507953,1.086436595149691
9338.487352112077,0.3621455317165637
9358.5270477162,0.3621455317165637
9378.566743320323,0.3621455317165637
9398.606438924446,0.3621455317165637
9418.64613452857,0.0
9438.685830132692,0.0
9458.725525736816,0.0
9478.765221340938,0.7242910634331274
9498.804916945062,0.0
9518.844612549185,0.3621455317165637
9538.884308153309,0.0
9558.924003757431,0.0
9578.963699361555,0.0
9599.003394965679,0.0
9619.043090569801,0.3621455317165637
9639.082786173925,1.086436595149691
9659.122481778048,1.4485821268662549
9679.162177382172,0.0
9699.201872986294,1.086436595149691
9719.241568590418,1.086436595149691
9739.28126419454,1.086436595149691
9759.320959798664,0.0
9779.360655402787,0.3621455317165637
9799.40035100691,0.0
9819.440046611033,0.0
9839.479742215157,1.086436595149691
9859.51943781928,0.7242910634331274
9879.559133423403,0.7242910634331274
9899.598829027525,1.086436595149691
9919.63852463165,0.7242910634331274
9939.678220235774,0.3621455317165637
9959.717915839896,0.0
9979.75761144402,0.3621455317165637
9999.797307048142,0.0
10019.837002652266,0.3621455317165637
10039.876698256388,0.7242910634331274
10059.916393860512,0.0
10079.956089464635,0.3621455317165637
10099.995785068759,0.3621455317165637
10120.035480672881,0.0
10140.075176277005,0.3621455317165637
10160.114871881127,0.3621455317165637
10180.154567485251,0.3621455317165637
10200.194263089374,0.0
10220.233958693498,0.3621455317165637
10240.27365429762,1.4485821268662549
10260.313349901744,0.7242910634331274
10280.353045505868,0.0
10300.39274110999,0.7242910634331274
10320.432436714114,0.7242910634331274
10340.472132318237,0.0
10360.51182792236,0.0
10380.551523526483,0.3621455317165637
10400.591219130607,0.3621455317165637
10420.63091473473,0.7242910634331274
10440.670610338853,0.3621455317165637
10460.710305942976,0.7242910634331274
10480.7500015471,1.4485821268662549
10500.789697151222,0.3621455317165637
10520.829392755346,0.7242910634331274
10540.869088359468,1.086436595149691
10560.908783963592,0.7242910634331274
10580.948479567714,0.7242910634331274
10600.988175171839,0.3621455317165637
10621.027870775963,0.7242910634331274
10641.067566380085,0.0
10661.107261984209,1.4485821268662549
10681.146957588331,1.086436595149691
10701.186653192455,0.3621455317165637
10721.226348796577,0.3621455317165637
10741.266044400702,1.4485821268662549
10761.305740004824,0.3621455317165637
10781.345435608948,0.7242910634331274
10801.38513121307,1.4485821268662549
10821.424826817194,1.086436595149691
10841.464522421316,0.7242910634331274
10861.50421802544,0.3621455317165637
10881.543913629563,0.0
10901.583609233687,0.7242910634331274
10921.623304837809,0.3621455317165637
10941.663000441933,0.7242910634331274
10961.702696046057,0.3621455317165637
10981.74239165018,0.3621455317165637
11001.782087254303,0.3621455317165637
11021.821782858426,0.0
11041.86147846255,0.3621455317165637
11061.901174066672,1.086436595149691
11081.940869670796,0.3621455317165637
11101.980565274918,0.0
11122.020260879042,1.086436595149691
11142.059956483165,0.7242910634331274
11162.099652087289,1.086436595149691
11182.13934769141,0.0
11202.179043295535,1.086436595149691
11222.218738899657,0.3621455317165637
11242.258434503781,0.0
11262.298130107903,0.7242910634331274
11282.337825712028,0.3621455317165637
11302.377521316152,0.3621455317165637
11322.417216920274,0.0
11342.456912524398,0.0
11362.49660812852,0.3621455317165637
11382.536303732644,0.3621455317165637
11402.575999336766,0.3621455317165637
11422.61569494089,0.3621455317165637
11442.655390545013,0.3621455317165637
11462.695086149137,0.3621455317165637
11482.734781753259,0.0
11502.774477357383,1.4485821268662549
11522.814172961505,0.3621455317165637
11542.85386856563,0.0
11562.893564169752,0.0
11582.933259773876,0.7242910634331274
11602.972955377998,0.3621455317165637
11623.012650982122,0.7242910634331274
11643.052346586246,0.7242910634331274
11663.092042190368,0.7242910634331274
11683.131737794492,0.0
11703.171433398615,1.4485821268662549
11723.211129002739,0.3621455317165637
11743.250824606861,0.7242910634331274
11763.290520210985,0.3621455317165637
11783.330215815107,0.3621455317165637
11803.369911419231,1.4485821268662549
11823.409607023354,1.086436595149691
11843.449302627478,2.5350187220159457
11863.4889982316,1.4485821268662549
11883.528693835724,0.7242910634331274
11903.568389439846,0.3621455317165637
11923.60808504397,0.7242910634331274
11943.647780648093,0.3621455317165637
11963.687476252217,0.0
11983.72717185634,0.7242910634331274
12003.766867460463,0.3621455317165637
12023.806563064587,0.0
12043.84625866871,0.7242910634331274
12063.885954272833,0.7242910634331274
12083.925649876956,0.0
12103.96534548108,0.0
12124.005041085202,1.086436595149691
12144.044736689326,0.7242910634331274
12164.084432293448,0.7242910634331274
12184.124127897572,0.3621455317165637
12204.163823501694,0.3621455317165637
12224.203519105818,0.3621455317165637
12244.24321470994,0.3621455317165637
12264.282910314065,0.0
12284.322605918187,0.3621455317165637
12304.362301522311,0.0
12324.401997126435,0.7242910634331274
12344.441692730557,0.0
12364.481388334681,1.086436595149691
12384.521083938804,0.7242910634331274
12404.560779542928,1.086436595149691
12424.60047514705,0.3621455317165637
12444.640170751174,0.7242910634331274
12464.679866355296,0.3621455317165637
12484.71956195942,0.7242910634331274
12504.759257563543,0.7242910634331274
12524.798953167667,0.0
12544.838648771789,0.3621455317165637
12564.878344375913,1.086436595149691
12584.918039980035,0.7242910634331274
12604.95773558416,1.086436595149691
12624.997431188282,0.0
12645.037126792406,0.0
12665.07682239653,0.0
12685.116518000652,0.7242910634331274
12705.156213604776,0.7242910634331274
12725.195909208898,1.086436595149691
12745.235604813022,2.5350187220159457
12765.275300417145,1.4485821268662549
12785.314996021269,1.8107276585828185
12805.35469162539,1.8107276585828185
12825.394387229515,2.172873190299382
12845.434082833637,2.172873190299382
12865.473778437761,0.7242910634331274
12885.513474041883,3.9836008488822006
12905.553169646008,1.8107276585828185
12925.59286525013,1.086436595149691
12945.632560854254,1.086436595149691
12965.672256458376,0.3621455317165637
12985.7119520625,0.7242910634331274
13005.751647666624,0.7242910634331274
13025.791343270746,0.7242910634331274
13045.83103887487,1.086436595149691
13065.870734478993,0.0
13085.910430083117,0.3621455317165637
13105.950125687239,0.3621455317165637
13125.989821291363,0.7242910634331274
13146.029516895485,0.7242910634331274
13166.06921249961,0.0
13186.108908103732,0.0
13206.148603707856,0.0
13226.188299311978,0.0
13246.227994916102,0.7242910634331274
13266.267690520224,0.7242910634331274
13286.307386124348,0.0
13306.34708172847,0.0
13326.386777332595,0.0
13346.426472936719,1.086436595149691
13366.466168540841,0.3621455317165637
13386.505864144965,0.7242910634331274
13406.545559749087,0.0
13426.585255353211,0.7242910634331274
13446.624950957334,0.0
13466.664646561458,0.0
13486.70434216558,0.3621455317165637
13506.744037769704,0.7242910634331274
13526.783733373826,1.086436595149691
13546.82342897795,0.7242910634331274
13566.863124582072,0.3621455317165637
13586.902820186197,0.7242910634331274
13606.942515790319,0.3621455317165637
13626.982211394443,0.3621455317165637
13647.021906998565,0.7242910634331274
13667.06160260269,0.0
13687.101298206813,1.086436595149691
13707.140993810935,0.3621455317165637
13727.18068941506,1.4485821268662549
13747.220385019182,0.7242910634331274
13767.260080623306,0.7242910634331274
13787.299776227428,0.0
13807.339471831552,0.7242910634331274
13827.379167435674,0.0
13847.418863039798,0.7242910634331274
13867.45855864392,0.3621455317165637
13887.498254248045,1.086436595149691
13907.537949852167,1.086436595149691
13927.577645456291,0.7242910634331274
13947.617341060413,0.7242910634331274
13967.657036664537,0.7242910634331274
13987.69673226866,0.3621455317165637
14007.736427872784,0.3621455317165637
14027.776123476908,0.0
14047.81581908103,0.0
14067.855514685154,0.3621455317165637
14087.895210289276,0.7242910634331274
14107.9349058934,0.7242910634331274
14127.974601497523,0.0
14148.014297101647,0.7242910634331274
14168.053992705769,0.0
14188.093688309893,0.3621455317165637
14208.133383914015,0.3621455317165637
14228.17307951814,0.3621455317165637
14248.212775122262,0.0
14268.252470726386,0.7242910634331274
14288.292166330508,0.7242910634331274
14308.331861934632,0.3621455317165637
14328.371557538754,0.0
14348.411253142878,1.8107276585828185
14368.450948747002,0.0
14388.490644351125,1.086436595149691
14408.530339955249,0.0
14428.57003555937,0.3621455317165637
14448.609731163495,0.3621455317165637
14468.649426767617,0.7242910634331274
14488.689122371741,0.3621455317165637
14508.728817975863,0.0
14528.768513579987,0.7242910634331274
14548.80820918411,0.3621455317165637
14568.847904788234,0.7242910634331274
14588.887600392356,0.0
14608.92729599648,0.3621455317165637
14628.966991600602,1.086436595149691
14649.006687204726,0.7242910634331274
14669.046382808849,0.3621455317165637
14689.086078412973,0.0
14709.125774017097,0.7242910634331274
14729.165469621219,0.7242910634331274
14749.205165225343,0.3621455317165637
14769.244860829465,0.7242910634331274
14789.28455643359,1.4485821268662549
14809.324252037712,0.7242910634331274
14829.363947641836,0.3621455317165637
14849.403643245958,0.0
14869.443338850082,0.0
14889.483034454204,0.0
14909.522730058328,0.3621455317165637
14929.56242566245,0.0
14949.602121266575,0.3621455317165637
14969.641816870697,0.3621455317165637
14989.681512474821,1.086436595149691
15009.721208078943,0.3621455317165637
15029.760903683067,0.3621455317165637
15049.800599287191,0.3621455317165637
15069.840294891314,0.0
15089.879990495438,0.7242910634331274
15109.91968609956,0.3621455317165637
15129.959381703684,0.3621455317165637
15149.999077307806,0.0
15170.03877291193,0.0
15190.078468516052,0.3621455317165637
15210.118164120177,1.086436595149691
15230.157859724299,0.7242910634331274
15250.197555328423,0.3621455317165637
15270.237250932545,0.0
15290.27694653667,1.4485821268662549
15310.316642140791,0.0
15330.356337744915,1.086436595149691
15350.396033349038,0.0
15370.435728953162,0.7242910634331274
15390.475424557284,0.7242910634331274
15410.515120161408,0.7242910634331274
15430.554815765532,0.0
15450.594511369654,0.7242910634331274
15470.634206973778,0.3621455317165637
15490.6739025779,0.7242910634331274
15510.713598182025,0.0
15530.753293786147,0.3621455317165637
15550.792989390271,1.086436595149691
15570.832684994393,1.086436595149691
15590.872380598517,0.3621455317165637
15610.91207620264,1.086436595149691
15630.951771806764,1.8107276585828185
15650.991467410886,0.3621455317165637
15671.03116301501,0.3621455317165637
15691.070858619132,0.3621455317165637
15711.110554223256,0.7242910634331274
15731.150249827379,0.7242910634331274
15751.189945431503,1.086436595149691
15771.229641035627,0.3621455317165637
15791.269336639749,0.7242910634331274
15811.309032243873,0.3621455317165637
15831.348727847995,1.8107276585828185
15851.38842345212,0.0
15871.428119056241,1.4485821268662549
15891.467814660366,0.7242910634331274
15911.507510264488,0.7242910634331274
15931.547205868612,0.7242910634331274
15951.586901472734,1.4485821268662549
15971.626597076858,0.7242910634331274
15991.66629268098,0.3621455317165637
16011.705988285104,1.8107276585828185
16031.745683889227,0.7242910634331274
16051.78537949335,1.086436595149691
16071.825075097473,1.4485821268662549
16091.864770701597,0.3621455317165637
16111.904466305721,1.4485821268662549
16131.944161909843,0.7242910634331274
16151.983857513967,0.7242910634331274
16172.02355311809,1.4485821268662549
16192.063248722214,1.086436595149691
16212.102944326336,0.7242910634331274
16232.14263993046,1.4485821268662549
16252.182335534582,1.086436595149691
16272.222031138706,1.4485821268662549
16292.261726742829,0.0
16312.301422346953,1.086436595149691
16332.341117951075,0.7242910634331274
16352.380813555199,0.7242910634331274
16372.420509159321,1.8107276585828185
16392.460204763443,2.5350187220159457
16412.49990036757,1.8107276585828185
16432.53959597169,2.172873190299382
16452.579291575814,1.4485821268662549
16472.61898717994,1.086436595149691
16492.658682784062,1.8107276585828185
16512.698378388184,3.621455317165637
16532.738073992306,1.8107276585828185
16552.777769596432,3.2593097854490733
16572.817465200555,1.4485821268662549
16592.857160804677,2.5350187220159457
16612.8968564088,2.5350187220159457
16632.936552012925,1.4485821268662549
16652.976247617047,1.8107276585828185
16673.01594322117,1.8107276585828185
16693.05563882529,1.086436595149691
16713.095334429418,1.8107276585828185
16733.13503003354,2.8971642537325097
16753.174725637662,2.172873190299382
16773.214421241788,2.8971642537325097
16793.25411684591,3.9836008488822006
16813.293812450032,2.172873190299382
16833.333508054155,2.8971642537325097
16853.37320365828,2.172873190299382
16873.412899262403,0.3621455317165637
16893.452594866525,1.4485821268662549
16913.492290470647,3.2593097854490733
16933.531986074773,1.4485821268662549
16953.571681678895,3.9836008488822006
16973.611377283018,3.2593097854490733
16993.65107288714,3.2593097854490733
17013.690768491266,2.5350187220159457
17033.730464095388,4.707891912315328
17053.77015969951,1.4485821268662549
17073.809855303633,4.707891912315328
17093.84955090776,2.8971642537325097
17113.88924651188,3.621455317165637
17133.928942116003,6.518619570898147
17153.96863772013,12.312948078363165
17174.00833332425,18.46942211754475
17194.048028928373,30.782370195907912
17214.087724532495,31.50666125934104
17234.12742013662,60.840449328382704
17254.167115740744,80.39630804107713
17274.206811344866,103.21147653922066
17294.246506948988,161.87905267730397
17314.286202553114,211.4929905224732
17334.325898157236,239.3781964646486
17354.36559376136,280.66278708033684
17374.40528936548,321.58523216430854
17394.444984969607,376.9934985169428
17414.48468057373,426.9695818938286
17434.52437617785,447.9740227333893
17454.564071781977,452.31976911398806
17474.6037673861,431.3153282744274
17494.64346299022,418.64023466434764
17514.683158594344,384.59855468299065
17534.72285419847,355.62691214566553
17554.762549802592,298.4079181344485
17574.802245406714,226.70310285456887
17594.841941010836,198.09360584896035
17614.881636614962,125.30235397393103
17634.921332219084,90.17423739742436
17654.961027823207,59.02972166979988
17675.00072342733,39.836008488822
17695.040419031455,28.247351473891968
17715.080114635577,18.107276585828185
17735.1198102397,10.140074888063783
17755.15950584382,5.432182975748455
17775.199201447947,1.8107276585828185
17795.23889705207,1.8107276585828185
17815.278592656192,1.086436595149691
17835.318288260318,1.8107276585828185
17855.35798386444,2.172873190299382
17875.397679468562,2.5350187220159457
17895.437375072685,1.4485821268662549
17915.47707067681,1.086436595149691
17935.516766280933,2.172873190299382
17955.556461885055,2.5350187220159457
17975.596157489177,2.5350187220159457
17995.635853093303,0.3621455317165637
18015.675548697425,1.086436595149691
18035.715244301548,1.4485821268662549
18055.75493990567,2.5350187220159457
18075.794635509796,1.086436595149691
18095.834331113918,3.2593097854490733
18115.87402671804,1.8107276585828185
18135.913722322166,1.4485821268662549
18155.95341792629,0.3621455317165637
18175.99311353041,2.172873190299382
18196.032809134533,1.8107276585828185
18216.07250473866,3.2593097854490733
18236.11220034278,1.8107276585828185
18256.151895946903,1.4485821268662549
18276.191591551025,1.8107276585828185
18296.23128715515,1.086436595149691
18316.270982759273,1.4485821268662549
18336.310678363396,2.5350187220159457
18356.350373967518,1.8107276585828185
18376.390069571644,1.4485821268662549
18396.429765175766,1.8107276585828185
18416.46946077989,0.7242910634331274
18436.50915638401,2.8971642537325097
18456.548851988136,1.8107276585828185
18476.58854759226,2.8971642537325097
18496.62824319638,1.8107276585828185
18516.667938800507,2.5350187220159457
18536.70763440463,2.172873190299382
18556.74733000875,2.172873190299382
18576.787025612874,2.172873190299382
18596.826721217,4.345746380598764
18616.86641682112,1.4485821268662549
18636.906112425244,3.621455317165637
18656.945808029366,2.172873190299382
18676.985503633492,1.8107276585828185
18697.025199237614,1.8107276585828185
18717.064894841737,1.8107276585828185
18737.10459044586,1.4485821268662549
18757.144286049985,2.8971642537325097
18777.183981654107,2.8971642537325097
18797.22367725823,3.2593097854490733
18817.263372862355,2.8971642537325097
18837.303068466477,4.707891912315328
18857.3427640706,2.5350187220159457
18877.38245967472,5.070037444031891
18897.422155278848,3.2593097854490733
18917.46185088297,3.9836008488822006
18937.501546487092,1.8107276585828185
18957.541242091214,4.707891912315328
18977.58093769534,3.2593097854490733
18997.620633299462,5.432182975748455
19017.660328903585,2.172873190299382
19037.700024507707,3.9836008488822006
19057.739720111833,4.707891912315328
19077.779415715955,5.432182975748455
19097.819111320077,1.8107276585828185
19117.8588069242,2.8971642537325097
19137.898502528325,3.2593097854490733
19157.938198132448,6.156474039181583
19177.97789373657,3.2593097854490733
19198.017589340696,3.621455317165637
19218.057284944818,3.621455317165637
19238.09698054894,5.432182975748455
19258.136676153063,3.2593097854490733
19278.17637175719,5.070037444031891
19298.21606736131,2.8971642537325097
19318.255762965433,2.5350187220159457
19338.295458569555,6.156474039181583
19358.33515417368,5.432182975748455
19378.374849777803,7.967201697764401
19398.414545381926,9.77792935634722
19418.454240986048,11.950802546646601
19438.493936590174,18.831567649261313
19458.533632194296,26.074478283592587
19478.573327798418,36.21455317165637
19498.613023402544,45.268191464570464
19518.652719006666,47.44106465486984
19538.69241461079,62.65117698696552
19558.73211021491,73.877688470179
19578.771805819037,68.44550549443053
19598.81150142316,84.7420544216759
19618.85119702728,77.13699825562807
19638.890892631403,68.8076510261471
19658.93058823553,67.7212144309974
19678.97028383965,66.27263230413115
19699.009979443774,54.683975289201115
19719.049675047896,37.30098976680606
19739.089370652022,32.59309785449073
19759.129066256144,23.53945956157664
19779.168761860266,16.65869445896193
19799.20845746439,13.399384673512857
19819.248153068515,12.67509361007973
19839.287848672637,10.86436595149691
19859.32754427676,9.77792935634722
19879.367239880885,8.691492761197528
19899.406935485007,12.67509361007973
19919.44663108913,15.934403395528802
19939.48632669325,14.123675736945984
19959.526022297377,18.46942211754475
19979.5657179015,16.296548927245365
19999.605413505622,17.74513105411162
20019.645109109744,13.037239141796293
20039.68480471387,15.934403395528802
20059.724500317992,13.399384673512857
20079.764195922115,9.77792935634722
20099.803891526237,13.399384673512857
20119.843587130363,14.485821268662548
20139.883282734485,14.847966800379112
20159.922978338607,7.967201697764401
20179.962673942733,8.329347229480964
20200.002369546855,6.518619570898147
20220.042065150978,6.156474039181583
20240.0817607551,10.86436595149691
20260.121456359226,7.242910634331274
20280.161151963348,7.967201697764401
20300.20084756747,4.345746380598764
20320.240543171592,4.345746380598764
20340.28023877572,3.2593097854490733
20360.31993437984,2.8971642537325097
20380.359629983963,3.2593097854490733
20400.399325588085,2.5350187220159457
20420.43902119221,1.4485821268662549
20440.478716796333,0.7242910634331274
20460.518412400455,1.4485821268662549
20480.558108004578,2.5350187220159457
20500.597803608704,2.8971642537325097
20520.637499212826,3.2593097854490733
20540.677194816948,0.7242910634331274
20560.716890421074,1.8107276585828185
20580.756586025196,3.621455317165637
20600.79628162932,1.086436595149691
20620.83597723344,1.086436595149691
20640.875672837567,2.5350187220159457
20660.91536844169,1.4485821268662549
20680.95506404581,2.172873190299382
20700.994759649933,1.086436595149691
20721.03445525406,2.5350187220159457
20741.07415085818,1.8107276585828185
20761.113846462304,1.4485821268662549
20781.153542066426,1.8107276585828185
20801.19323767055,3.621455317165637
20821.232933274674,1.8107276585828185
20841.272628878796,1.086436595149691
20861.31232448292,3.2593097854490733
20881.352020087044,3.9836008488822006
20901.391715691167,2.8971642537325097
20921.43141129529,2.5350187220159457
20941.471106899415,1.086436595149691
20961.510802503537,1.086436595149691
20981.55049810766,2.5350187220159457
21001.59019371178,1.8107276585828185
21021.629889315907,1.4485821268662549
21041.66958492003,2.172873190299382
21061.709280524152,2.5350187220159457
21081.748976128274,2.8971642537325097
21101.7886717324,2.5350187220159457
21121.828367336522,1.8107276585828185
21141.868062940644,2.5350187220159457
21161.907758544767,2.8971642537325097
21181.947454148893,3.2593097854490733
21201.987149753015,2.5350187220159457
21222.026845357137,1.086436595149691
21242.066540961263,1.8107276585828185
21262.106236565385,1.8107276585828185
21282.145932169507,2.5350187220159457
21302.18562777363,2.5350187220159457
21322.225323377756,2.172873190299382
21342.265018981878,3.621455317165637
21362.304714586,2.5350187220159457
21382.344410190122,5.7943285074650195
21402.384105794248,2.5350187220159457
21422.42380139837,2.8971642537325097
21442.463497002493,3.2593097854490733
21462.503192606615,2.5350187220159457
21482.54288821074,3.621455317165637
21502.582583814863,2.5350187220159457
21522.622279418985,2.5350187220159457
21542.661975023108,2.8971642537325097
21562.701670627233,3.2593097854490733
21582.741366231356,1.4485821268662549
21602.781061835478,2.172873190299382
21622.820757439604,2.8971642537325097
21642.860453043726,0.7242910634331274
21662.90014864785,2.172873190299382
21682.93984425197,3.2593097854490733
21702.979539856096,2.8971642537325097
21723.01923546022,3.621455317165637
21743.05893106434,1.4485821268662549
21763.098626668463,2.5350187220159457
21783.13832227259,3.9836008488822006
21803.17801787671,2.8971642537325097
21823.217713480833,1.4485821268662549
21843.257409084956,3.2593097854490733
21863.29710468908,4.345746380598764
21883.336800293204,2.8971642537325097
21903.376495897326,1.4485821268662549
21923.416191501452,1.4485821268662549
21943.455887105574,1.086436595149691
21963.495582709696,1.8107276585828185
21983.53527831382,1.4485821268662549
22003.574973917945,3.9836008488822006
22023.614669522067,3.9836008488822006
22043.65436512619,5.070037444031891
22063.69406073031,1.4485821268662549
22083.733756334437,2.172873190299382
22103.77345193856,2.172873190299382
22123.81314754268,1.8107276585828185
22143.852843146804,2.172873190299382
22163.89253875093,2.8971642537325097
22183.932234355052,2.172873190299382
22203.971929959174,0.7242910634331274
22224.011625563297,2.8971642537325097
22244.051321167422,3.2593097854490733
22264.091016771545,2.8971642537325097
22284.130712375667,2.5350187220159457
22304.170407979793,1.086436595149691
22324.210103583915,1.4485821268662549
22344.249799188037,3.9836008488822006
22364.28949479216,1.8107276585828185
22384.329190396285,1.8107276585828185
22404.368886000408,2.172873190299382
22424.40858160453,2.8971642537325097
22444.448277208652,4.707891912315328
22464.487972812778,2.8971642537325097
22484.5276684169,1.086436595149691
22504.567364021023,3.2593097854490733
22524.607059625145,1.4485821268662549
22544.64675522927,2.172873190299382
22564.686450833393,3.621455317165637
22584.726146437515,3.621455317165637
22604.76584204164,4.345746380598764
22624.805537645763,3.9836008488822006
22644.845233249885,5.432182975748455
22664.884928854008,2.8971642537325097
22684.924624458134,4.345746380598764
22704.964320062256,2.8971642537325097
22725.004015666378,4.345746380598764
22745.0437112705,6.518619570898147
22765.083406874626,3.9836008488822006
22785.12310247875,1.8107276585828185
22805.16279808287,2.8971642537325097
22825.202493686993,4.345746380598764
22845.24218929112,5.070037444031891
22865.28188489524,3.2593097854490733
22885.321580499363,5.432182975748455
22905.361276103486,4.707891912315328
22925.40097170761,3.621455317165637
22945.440667311734,2.5350187220159457
22965.480362915856,3.2593097854490733
22985.520058519982,4.345746380598764
23005.559754124104,4.707891912315328
23025.599449728226,1.8107276585828185
23045.63914533235,3.2593097854490733
23065.678840936474,2.5350187220159457
23085.718536540597,4.707891912315328
23105.75823214472,2.172873190299382
23125.79792774884,2.172873190299382
23145.837623352967,5.070037444031891
23165.87731895709,4.707891912315328
23185.91701456121,3.621455317165637
23205.956710165334,4.345746380598764
23225.99640576946,4.707891912315328
23246.036101373582,4.707891912315328
23266.075796977704,2.8971642537325097
23286.11549258183,3.9836008488822006
23306.155188185952,2.5350187220159457
23326.194883790075,2.5350187220159457
23346.234579394197,2.172873190299382
23366.274274998323,3.9836008488822006
23386.313970602445,1.8107276585828185
23406.353666206567,2.172873190299382
23426.39336181069,3.2593097854490733
23446.433057414815,1.8107276585828185
23466.472753018938,3.9836008488822006
23486.51244862306,2.5350187220159457
23506.552144227182,2.8971642537325097
23526.591839831308,1.8107276585828185
23546.63153543543,2.5350187220159457
23566.671231039552,3.9836008488822006
23586.710926643675,3.2593097854490733
23606.7506222478,2.8971642537325097
23626.790317851923,3.2593097854490733
23646.830013456045,2.5350187220159457
23666.86970906017,4.345746380598764
23686.909404664293,3.621455317165637
23706.949100268415,4.345746380598764
23726.988795872538,3.621455317165637
23747.028491476663,2.172873190299382
23767.068187080786,3.9836008488822006
23787.107882684908,1.4485821268662549
23807.14757828903,5.070037444031891
23827.187273893156,4.707891912315328
23847.22696949728,3.2593097854490733
23867.2666651014,2.5350187220159457
23887.306360705523,4.707891912315328
23907.34605630965,2.172873190299382
23927.38575191377,1.4485821268662549
23947.425447517893,4.345746380598764
23967.46514312202,5.7943285074650195
23987.50483872614,3.621455317165637
24007.544534330264,2.8971642537325097
24027.584229934386,3.621455317165637
24047.62392553851,4.707891912315328
24067.663621142634,1.8107276585828185
24087.703316746756,2.172873190299382
24107.74301235088,3.9836008488822006
24127.782707955004,3.621455317165637
24147.822403559127,3.9836008488822006
24167.86209916325,2.5350187220159457
24187.90179476737,3.9836008488822006
24207.941490371497,3.2593097854490733
24227.98118597562,1.8107276585828185
24248.02088157974,3.2593097854490733
24268.060577183864,3.2593097854490733
24288.10027278799,2.8971642537325097
24308.13996839211,3.621455317165637
24328.179663996234,4.345746380598764
24348.21935960036,2.172873190299382
24368.259055204482,3.621455317165637
24388.298750808604,1.4485821268662549
24408.338446412727,3.621455317165637
24428.378142016853,5.070037444031891
24448.417837620975,1.086436595149691
24468.457533225097,3.621455317165637
24488.49722882922,2.5350187220159457
24508.536924433345,3.9836008488822006
24528.576620037467,3.2593097854490733
24548.61631564159,2.5350187220159457
24568.656011245712,2.172873190299382
24588.695706849838,3.2593097854490733
24608.73540245396,4.345746380598764
24628.775098058082,4.707891912315328
24648.814793662208,3.621455317165637
24668.85448926633,3.621455317165637
24688.894184870453,5.070037444031891
24708.933880474575,4.345746380598764
24728.9735760787,3.9836008488822006
24749.013271682823,2.5350187220159457
24769.052967286945,3.2593097854490733
24789.092662891067,3.621455317165637
24809.132358495193,3.9836008488822006
24829.172054099316,3.2593097854490733
24849.211749703438,4.345746380598764
24869.25144530756,4.707891912315328
24889.291140911686,3.9836008488822006
24909.33083651581,4.345746380598764
24929.37053211993,3.2593097854490733
24949.410227724053,2.8971642537325097
24969.44992332818,3.621455317165637
24989.4896189323,4.707891912315328
25009.529314536423,2.8971642537325097
25029.56901014055,6.88076510261471
25049.60870574467,6.518619570898147
25069.648401348793,7.967201697764401
25089.688096952916,5.432182975748455
25109.72779255704,7.242910634331274
25129.767488161164,7.967201697764401
25149.807183765286,2.5350187220159457
25169.84687936941,3.9836008488822006
25189.886574973534,6.88076510261471
25209.926270577656,8.691492761197528
25229.96596618178,4.707891912315328
25250.0056617859,4.345746380598764
25270.045357390027,7.242910634331274
25290.08505299415,4.345746380598764
25310.12474859827,5.070037444031891
25330.164444202397,4.707891912315328
25350.20413980652,4.345746380598764
25370.24383541064,6.518619570898147
25390.283531014764,5.432182975748455
25410.32322661889,3.9836008488822006
25430.362922223012,2.8971642537325097
25450.402617827134,5.070037444031891
25470.442313431256,4.707891912315328
25490.482009035382,4.707891912315328
25510.521704639505,3.621455317165637
25530.561400243627,2.172873190299382
25550.60109584775,3.2593097854490733
25570.640791451875,1.8107276585828185
25590.680487055997,3.9836008488822006
25610.72018266012,2.172873190299382
25630.75987826424,4.707891912315328
25650.799573868368,4.345746380598764
25670.83926947249,5.432182975748455
25690.878965076612,3.621455317165637
25710.918660680738,3.2593097854490733
25730.95835628486,3.2593097854490733
25750.998051888982,3.2593097854490733
25771.037747493105,2.5350187220159457
25791.07744309723,4.345746380598764
25811.117138701353,3.621455317165637
25831.156834305475,5.7943285074650195
25851.196529909597,2.172873190299382
25871.236225513723,4.707891912315328
25891.275921117845,5.7943285074650195
25911.315616721968,2.8971642537325097
25931.35531232609,5.432182975748455
25951.395007930216,3.9836008488822006
25971.434703534338,4.345746380598764
25991.47439913846,6.518619570898147
26011.514094742586,5.070037444031891
26031.55379034671,3.9836008488822006
26051.59348595083,3.2593097854490733
26071.633181554953,5.070037444031891
26091.67287715908,3.9836008488822006
26111.7125727632,4.345746380598764
26131.752268367323,6.518619570898147
26151.791963971446,2.8971642537325097
26171.83165957557,6.88076510261471
26191.871355179694,2.5350187220159457
26211.911050783816,2.5350187220159457
26231.950746387938,3.2593097854490733
26251.990441992064,2.172873190299382
26272.030137596186,7.967201697764401
26292.06983320031,5.070037444031891
26312.10952880443,3.2593097854490733
26332.149224408557,7.967201697764401
26352.18892001268,2.172873190299382
26372.2286156168,4.345746380598764
26392.268311220927,4.345746380598764
26412.30800682505,3.9836008488822006
26432.34770242917,3.9836008488822006
26452.387398033294,3.9836008488822006
26472.42709363742,3.9836008488822006
26492.466789241542,3.9836008488822006
26512.506484845664,3.9836008488822006
26532.546180449786,5.432182975748455
26552.585876053912,3.9836008488822006
26572.625571658034,2.8971642537325097
26592.665267262157,5.070037444031891
26612.70496286628,3.621455317165637
26632.744658470405,4.707891912315328
26652.784354074527,7.605056166047838
26672.82404967865,4.345746380598764
26692.863745282775,4.707891912315328
26712.903440886897,5.7943285074650195
26732.94313649102,3.621455317165637
26752.982832095142,3.2593097854490733
26773.022527699268,4.707891912315328
26793.06222330339,1.8107276585828185
26813.101918907512,5.7943285074650195
26833.141614511635,2.8971642537325097
26853.18131011576,4.707891912315328
26873.221005719883,2.8971642537325097
26893.260701324005,3.9836008488822006
26913.300396928127,5.432182975748455
26933.340092532253,3.9836008488822006
26953.379788136375,3.9836008488822006
26973.419483740498,3.9836008488822006
26993.45917934462,3.2593097854490733
27013.498874948746,4.707891912315328
27033.538570552868,4.345746380598764
27053.57826615699,2.5350187220159457
27073.617961761116,3.9836008488822006
27093.65765736524,2.5350187220159457
27113.69735296936,5.432182975748455
27133.737048573483,3.2593097854490733
27153.77674417761,2.5350187220159457
27173.81643978173,3.621455317165637
27193.856135385853,3.9836008488822006
27213.895830989975,5.432182975748455
27233.9355265941,3.9836008488822006
27253.975222198223,3.621455317165637
27274.014917802346,6.518619570898147
27294.054613406468,4.707891912315328
27314.094309010594,3.9836008488822006
27334.134004614716,4.707891912315328
27354.17370021884,5.7943285074650195
27374.213395822964,2.172873190299382
27394.253091427086,5.432182975748455
27414.29278703121,1.4485821268662549
27434.33248263533,4.345746380598764
27454.372178239457,3.9836008488822006
27474.41187384358,3.2593097854490733
27494.4515694477,5.070037444031891
27514.491265051824,2.8971642537325097
27534.53096065595,3.2593097854490733
27554.57065626007,1.4485821268662549
27574.610351864194,4.707891912315328
27594.650047468316,2.172873190299382
27614.689743072442,3.621455317165637
27634.729438676564,5.070037444031891
27654.769134280687,7.605056166047838
27674.80882988481,5.432182975748455
27694.848525488935,5.432182975748455
27714.888221093057,1.086436595149691
27734.92791669718,3.9836008488822006
27754.967612301305,4.707891912315328
27775.007307905427,3.621455317165637
27795.04700350955,2.8971642537325097
27815.08669911367,3.2593097854490733
27835.126394717798,3.2593097854490733
27855.16609032192,4.707891912315328
27875.205785926042,3.2593097854490733
27895.245481530164,3.621455317165637
27915.28517713429,4.345746380598764
27935.324872738413,3.621455317165637
27955.364568342535,5.070037444031891
27975.404263946657,2.8971642537325097
27995.443959550783,4.345746380598764
28015.483655154905,7.605056166047838
28035.523350759027,3.2593097854490733
28055.563046363153,2.8971642537325097
28075.602741967276,4.707891912315328
28095.642437571398,4.345746380598764
28115.68213317552,1.4485821268662549
28135.721828779646,5.432182975748455
28155.761524383768,2.5350187220159457
28175.80121998789,5.7943285074650195
28195.840915592013,1.4485821268662549
28215.88061119614,5.070037444031891
28235.92030680026,5.070037444031891
28255.960002404383,4.707891912315328
28275.999698008505,4.707891912315328
28296.03939361263,5.070037444031891
28316.079089216753,4.707891912315328
28336.118784820876,2.8971642537325097
28356.158480424998,4.345746380598764
28376.198176029124,5.432182975748455
28396.237871633246,2.5350187220159457
28416.27756723737,5.070037444031891
28436.317262841494,3.621455317165637
28456.356958445616,6.156474039181583
28476.39665404974,4.345746380598764
28496.43634965386,5.432182975748455
28516.476045257987,3.2593097854490733
28536.51574086211,3.621455317165637
28556.55543646623,2.5350187220159457
28576.595132070353,5.432182975748455
28596.63482767448,4.707891912315328
28616.6745232786,4.707891912315328
28636.714218882724,3.621455317165637
28656.753914486846,1.8107276585828185
28676.793610090972,2.5350187220159457
28696.833305695094,3.621455317165637
28716.873001299216,3.9836008488822006
28736.912696903342,3.621455317165637
28756.952392507465,1.8107276585828185
28776.992088111587,3.9836008488822006
28797.03178371571,4.345746380598764
28817.071479319835,5.432182975748455
28837.111174923957,3.2593097854490733
28857.15087052808,4.345746380598764
28877.1905661322,4.345746380598764
28897.230261736328,5.7943285074650195
28917.26995734045,5.070037444031891
28937.309652944572,2.8971642537325097
28957.349348548694,3.9836008488822006
28977.38904415282,5.070037444031891
28997.428739756942,5.070037444031891
29017.468435361065,5.070037444031891
29037.508130965187,2.5350187220159457
29057.547826569313,2.8971642537325097
29077.587522173435,2.8971642537325097
29097.627217777557,5.432182975748455
29117.666913381683,2.8971642537325097
29137.706608985805,6.518619570898147
29157.746304589928,3.9836008488822006
29177.78600019405,5.070037444031891
29197.825695798176,3.621455317165637
29217.865391402298,3.621455317165637
29237.90508700642,3.621455317165637
29257.944782610542,3.2593097854490733
29277.98447821467,3.621455317165637
29298.02417381879,3.2593097854490733
29318.063869422913,5.432182975748455
29338.103565027035,3.9836008488822006
29358.14326063116,3.621455317165637
29378.182956235283,2.172873190299382
29398.222651839405,4.707891912315328
29418.26234744353,2.8971642537325097
29438.302043047654,3.621455317165637
29458.341738651776,5.070037444031891
29478.381434255898,3.9836008488822006
29498.421129860024,3.621455317165637
29518.460825464146,4.345746380598764
29538.50052106827,5.070037444031891
29558.54021667239,4.707891912315328
29578.579912276517,2.8971642537325097
29598.61960788064,4.345746380598764
29618.65930348476,2.5350187220159457
29638.698999088883,2.8971642537325097
29658.73869469301,2.8971642537325097
29678.77839029713,4.345746380598764
29698.818085901254,1.8107276585828185
29718.857781505376,3.621455317165637
29738.8974771095,1.8107276585828185
29758.937172713624,2.172873190299382
29778.976868317746,5.432182975748455
29799.016563921872,4.707891912315328
29819.056259525994,3.2593097854490733
29839.095955130117,2.172873190299382
29859.13565073424,3.621455317165637
29879.175346338365,1.8107276585828185
29899.215041942487,4.707891912315328
29919.25473754661,2.5350187220159457
29939.29443315073,3.621455317165637
29959.334128754857,3.2593097854490733
29979.37382435898,5.070037444031891
29999.413519963102,2.172873190299382
30019.453215567224,5.070037444031891
30039.49291117135,3.9836008488822006
30059.532606775472,4.345746380598764
30079.572302379594,2.8971642537325097
30099.61199798372,2.8971642537325097
30119.651693587843,2.8971642537325097
30139.691389191965,5.070037444031891
30159.731084796087,4.707891912315328
30179.770780400213,5.432182975748455
30199.810476004335,5.432182975748455
30219.850171608457,4.345746380598764
30239.88986721258,2.5350187220159457
30259.929562816706,2.8971642537325097
30279.969258420828,3.9836008488822006
30300.00895402495,3.621455317165637
30320.048649629072,4.707891912315328
30340.0883452332,3.621455317165637
30360.12804083732,2.5350187220159457
30380.167736441443,3.2593097854490733
30400.207432045565,4.707891912315328
30420.24712764969,2.5350187220159457
30440.286823253813,4.345746380598764
30460.326518857935,1.8107276585828185
30480.36621446206,4.707891912315328
30500.405910066183,3.9836008488822006
30520.445605670306,2.172873190299382
30540.485301274428,5.7943285074650195
30560.524996878554,2.8971642537325097
30580.564692482676,2.5350187220159457
30600.6043880868,5.432182975748455
30620.64408369092,3.621455317165637
30640.683779295046,2.172873190299382
30660.72347489917,1.086436595149691
30680.76317050329,5.432182975748455
30700.802866107413,4.345746380598764
30720.84256171154,2.172873190299382
30740.88225731566,3.621455317165637
30760.921952919784,3.9836008488822006
30780.961648523906,2.5350187220159457
30801.00134412803,2.8971642537325097
30821.041039732154,2.8971642537325097
30841.080735336276,3.621455317165637
30861.120430940402,3.2593097854490733
30881.160126544524,3.621455317165637
30901.199822148646,3.2593097854490733
30921.23951775277,4.345746380598764
30941.279213356895,2.8971642537325097
30961.318908961017,3.2593097854490733
30981.35860456514,3.621455317165637
31001.39830016926,3.621455317165637
31021.437995773387,2.8971642537325097
31041.47769137751,1.8107276585828185
31061.51738698163,2.8971642537325097
31081.557082585754,1.8107276585828185
31101.59677818988,6.156474039181583
31121.636473794002,3.621455317165637
31141.676169398124,2.172873190299382
31161.71586500225,3.9836008488822006
31181.755560606372,3.2593097854490733
31201.795256210495,3.621455317165637
31221.834951814617,5.070037444031891
31241.874647418743,6.518619570898147
31261.914343022865,3.2593097854490733
31281.954038626987,3.2593097854490733
31301.99373423111,2.8971642537325097
31322.033429835235,2.5350187220159457
31342.073125439358,4.345746380598764
31362.11282104348,3.621455317165637
31382.152516647602,2.5350187220159457
31402.192212251728,5.070037444031891
31422.23190785585,1.8107276585828185
31442.271603459973,3.621455317165637
31462.311299064095,5.070037444031891
31482.35099466822,3.2593097854490733
31502.390690272343,4.345746380598764
31522.430385876465,4.345746380598764
31542.47008148059,2.8971642537325097
31562.509777084713,3.2593097854490733
31582.549472688836,1.8107276585828185
31602.589168292958,4.345746380598764
31622.628863897084,5.7943285074650195
31642.668559501206,3.621455317165637
31662.708255105328,4.345746380598764
31682.74795070945,3.621455317165637
31702.787646313576,3.621455317165637
31722.8273419177,2.5350187220159457
31742.86703752182,4.707891912315328
31762.906733125943,3.9836008488822006
31782.94642873007,1.8107276585828185
31802.98612433419,1.8107276585828185
31823.025819938313,2.8971642537325097
31843.06551554244,3.2593097854490733
31863.10521114656,3.621455317165637
31883.144906750684,2.5350187220159457
31903.184602354806,2.8971642537325097
31923.224297958932,2.8971642537325097
31943.263993563054,3.9836008488822006
31963.303689167176,3.2593097854490733
31983.3433847713,3.621455317165637
32003.383080375424,4.345746380598764
32023.422775979547,3.2593097854490733
32043.46247158367,2.8971642537325097
32063.50216718779,4.707891912315328
32083.541862791917,3.2593097854490733
32103.58155839604,3.9836008488822006
32123.62125400016,2.172873190299382
32143.660949604284,3.621455317165637
32163.70064520841,3.2593097854490733
32183.740340812532,4.707891912315328
32203.780036416654,2.8971642537325097
32223.81973202078,3.621455317165637
32243.859427624902,2.5350187220159457
32263.899123229025,3.621455317165637
32283.938818833147,1.8107276585828185
32303.978514437273,2.172873190299382
32324.018210041395,4.707891912315328
32344.057905645517,3.2593097854490733
32364.09760124964,3.9836008488822006
32384.137296853765,3.2593097854490733
32404.176992457888,3.621455317165637
32424.21668806201,2.5350187220159457
32444.256383666132,1.8107276585828185
32464.296079270258,2.5350187220159457
32484.33577487438,2.8971642537325097
32504.375470478502,0.7242910634331274
32524.41516608263,1.086436595149691
32544.45486168675,3.9836008488822006
32564.494557290873,2.8971642537325097
32584.534252894995,1.086436595149691
32604.57394849912,1.4485821268662549
32624.613644103243,4.345746380598764
32644.653339707365,2.8971642537325097
32664.693035311488,3.2593097854490733
32684.732730915614,3.2593097854490733
32704.772426519736,3.621455317165637
32724.812122123858,2.172873190299382
32744.85181772798,3.621455317165637
32764.891513332106,1.8107276585828185
32784.93120893623,2.8971642537325097
32804.97090454036,1.4485821268662549
32825.01060014448,3.621455317165637
32845.0502957486,1.4485821268662549
32865.089991352725,3.2593097854490733
32885.12968695685,4.707891912315328
32905.16938256097,3.2593097854490733
32925.20907816509,2.5350187220159457
32945.24877376922,2.8971642537325097
32965.28846937334,1.4485821268662549
32985.328164977465,3.621455317165637
33005.36786058159,0.3621455317165637
33025.40755618571,3.621455317165637
33045.44725178983,1.8107276585828185
33065.486947393954,2.8971642537325097
33085.52664299808,2.172873190299382
33105.566338602206,2.5350187220159457
33125.60603420633,3.2593097854490733
33145.64572981045,2.8971642537325097
33165.68542541457,3.2593097854490733
33185.725121018695,1.8107276585828185
33205.76481662282,2.8971642537325097
33225.80451222694,1.4485821268662549
33245.84420783107,1.8107276585828185
33265.88390343519,2.5350187220159457
33285.92359903931,2.5350187220159457
33305.963294643436,2.8971642537325097
33326.00299024756,2.5350187220159457
33346.04268585168,2.8971642537325097
33366.0823814558,2.5350187220159457
33386.122077059925,2.5350187220159457
33406.161772664054,1.4485821268662549
33426.20146826818,3.9836008488822006
33446.2411638723,3.621455317165637
33466.28085947642,1.086436595149691
33486.32055508054,2.172873190299382
33506.360250684666,1.4485821268662549
33526.39994628879,3.2593097854490733
33546.43964189292,2.8971642537325097
33566.47933749704,4.345746380598764
33586.51903310116,1.086436595149691
33606.558728705284,2.5350187220159457
33626.598424309406,2.172873190299382
33646.63811991353,2.172873190299382
33666.67781551765,3.2593097854490733
33686.71751112177,2.5350187220159457
33706.7572067259,2.172873190299382
33726.796902330025,2.5350187220159457
33746.83659793415,3.621455317165637
33766.87629353827,1.4485821268662549
33786.91598914239,2.5350187220159457
33806.955684746514,3.621455317165637
33826.995380350636,1.8107276585828185
33847.03507595476,2.5350187220159457
33867.07477155889,2.8971642537325097
33887.11446716301,4.345746380598764
33907.15416276713,1.8107276585828185
33927.193858371254,1.8107276585828185
33947.23355397538,2.172873190299382
33967.2732495795,3.2593097854490733
33987.31294518362,2.5350187220159457
34007.35264078775,1.086436595149691
34027.39233639187,1.4485821268662549
34047.432031995995,1.4485821268662549
34067.47172760012,2.172873190299382
34087.51142320424,4.345746380598764
34107.55111880836,1.4485821268662549
34127.590814412484,2.8971642537325097
34147.63051001661,1.4485821268662549
34167.670205620736,2.5350187220159457
34187.70990122486,2.172873190299382
34207.74959682898,1.4485821268662549
34227.7892924331,0.7242910634331274
34247.828988037225,2.5350187220159457
34267.86868364135,4.345746380598764
34287.90837924547,2.5350187220159457
34307.9480748496,3.621455317165637
34327.98777045372,1.086436595149691
34348.02746605784,1.086436595149691
34368.067161661966,2.8971642537325097
34388.10685726609,1.8107276585828185
34408.14655287021,1.8107276585828185
34428.18624847433,2.5350187220159457
34448.225944078455,3.621455317165637
34468.265639682584,1.8107276585828185
34488.30533528671,1.4485821268662549
34508.34503089083,0.3621455317165637
34528.38472649495,2.172873190299382
34548.42442209907,3.2593097854490733
34568.464117703195,2.172873190299382
34588.50381330732,2.172873190299382
34608.54350891145,2.8971642537325097
34628.58320451557,0.7242910634331274
34648.62290011969,2.8971642537325097
34668.662595723814,1.8107276585828185
34688.702291327936,2.5350187220159457
34708.74198693206,1.086436595149691
34728.78168253618,2.172873190299382
34748.8213781403,1.086436595149691
34768.86107374443,2.5350187220159457
34788.900769348555,0.7242910634331274
34808.94046495268,2.172873190299382
34828.9801605568,1.086436595149691
34849.01985616092,2.5350187220159457
34869.05955176504,2.172873190299382
34889.099247369166,0.7242910634331274
34909.138942973295,2.172873190299382
34929.17863857742,1.086436595149691
34949.21833418154,0.3621455317165637
34969.25802978566,1.4485821268662549
34989.297725389784,2.172873190299382
35009.33742099391,1.086436595149691
35029.37711659803,0.7242910634331274
35049.41681220215,2.172873190299382
35069.45650780628,1.086436595149691
35089.4962034104,0.3621455317165637
35109.535899014525,1.4485821268662549
35129.57559461865,0.7242910634331274
35149.61529022277,1.8107276585828185
35169.65498582689,1.8107276585828185
35189.694681431014,1.4485821268662549
35209.734377035136,1.4485821268662549
35229.774072639266,1.4485821268662549
35249.81376824339,1.086436595149691
35269.85346384751,2.172873190299382
35289.89315945163,0.3621455317165637
35309.932855055755,0.7242910634331274
35329.97255065988,1.4485821268662549
35350.012246264,1.4485821268662549
35370.05194186813,0.7242910634331274
35390.09163747225,1.086436595149691
35410.13133307637,1.086436595149691
35430.171028680496,1.4485821268662549
35450.21072428462,1.4485821268662549
35470.25041988874,0.7242910634331274
35490.29011549286,0.7242910634331274
35510.329811096984,0.3621455317165637
35530.369506701114,1.4485821268662549
35550.409202305236,0.3621455317165637
35570.44889790936,2.172873190299382
35590.48859351348,1.086436595149691
35610.5282891176,1.4485821268662549
35630.567984721725,1.086436595149691
35650.60768032585,2.172873190299382
35670.64737592998,1.086436595149691
35690.6870715341,0.7242910634331274
35710.72676713822,0.7242910634331274
35730.766462742344,1.8107276585828185
35750.806158346466,0.7242910634331274
35770.84585395059,0.7242910634331274
35790.88554955471,0.3621455317165637
35810.92524515883,0.3621455317165637
35830.96494076296,1.4485821268662549
35851.004636367084,0.3621455317165637
35871.04433197121,0.7242910634331274
35891.08402757533,1.4485821268662549
35911.12372317945,0.7242910634331274
35931.16341878357,1.086436595149691
35951.203114387696,1.086436595149691
35971.242809991825,0.3621455317165637
35991.28250559595,0.0
36011.32220120007,0.0
36031.36189680419,0.3621455317165637
36051.401592408314,1.8107276585828185
36071.44128801244,0.7242910634331274
36091.48098361656,0.7242910634331274
36111.52067922068,0.3621455317165637
36131.56037482481,1.086436595149691
36151.60007042893,0.3621455317165637
36171.639766033055,0.3621455317165637
36191.67946163718,0.7242910634331274
36211.7191572413,0.7242910634331274
36231.75885284542,0.0
36251.798548449544,1.086436595149691
36271.83824405367,0.3621455317165637
36291.877939657796,1.086436595149691
36311.91763526192,0.0
36331.95733086604,0.7242910634331274
36351.99702647016,1.086436595149691
36372.036722074285,0.7242910634331274
36392.07641767841,1.086436595149691
36412.11611328253,0.3621455317165637
36432.15580888666,0.3621455317165637
36452.19550449078,0.3621455317165637
36472.2352000949,0.3621455317165637
36492.274895699025,1.4485821268662549
36512.31459130315,0.0
36532.35428690727,1.4485821268662549
36552.39398251139,0.3621455317165637
36572.433678115514,0.3621455317165637
36592.473373719644,0.3621455317165637
36612.513069323766,0.3621455317165637
36632.55276492789,0.7242910634331274
36652.59246053201,0.3621455317165637
36672.63215613613,0.0
36692.671851740255,0.3621455317165637
36712.71154734438,0.7242910634331274
36732.75124294851,0.0
36752.79093855263,0.0
36772.83063415675,1.086436595149691
36792.87032976087,1.086436595149691
36812.910025364996,0.3621455317165637
36832.94972096912,0.0
36852.98941657324,0.7242910634331274
36873.02911217736,0.0
36893.06880778149,0.0
36913.108503385614,0.7242910634331274
36933.14819898974,0.3621455317165637
36953.18789459386,0.7242910634331274
36973.22759019798,0.3621455317165637
36993.2672858021,0.3621455317165637
37013.306981406226,0.0
37033.346677010355,0.3621455317165637
37053.38637261448,0.7242910634331274
37073.4260682186,0.3621455317165637
37093.46576382272,1.086436595149691
37113.505459426844,0.0
37133.545155030966,0.3621455317165637
37153.58485063509,0.3621455317165637
37173.62454623921,0.0
37193.66424184334,0.3621455317165637
37213.70393744746,0.3621455317165637
37233.743633051585,0.7242910634331274
37253.78332865571,1.086436595149691
37273.82302425983,0.0
37293.86271986395,0.3621455317165637
37313.902415468074,0.0
37333.9421110722,0.7242910634331274
37353.981806676326,0.3621455317165637
37374.02150228045,0.7242910634331274
37394.06119788457,0.0
37414.10089348869,0.7242910634331274
37434.140589092814,0.7242910634331274
37454.18028469694,0.3621455317165637
37474.21998030106,0.0
37494.25967590519,1.086436595149691
37514.29937150931,0.0
37534.33906711343,0.3621455317165637
37554.378762717555,1.086436595149691
37574.41845832168,0.0
37594.4581539258,0.3621455317165637
37614.49784952992,0.7242910634331274
37634.53754513405,0.7242910634331274
37654.577240738174,0.7242910634331274
37674.616936342296,0.3621455317165637
37694.65663194642,0.0
37714.69632755054,0.3621455317165637
37734.73602315466,0.0
37754.775718758785,1.086436595149691
37774.81541436291,0.7242910634331274
37794.85510996704,0.7242910634331274
37814.89480557116,0.0
37834.93450117528,0.7242910634331274
37854.9741967794,0.7242910634331274
37875.013892383526,0.3621455317165637
37895.05358798765,0.7242910634331274
37915.09328359177,0.3621455317165637
37935.13297919589,0.0
37955.17267480002,0.0
37975.212370404144,0.3621455317165637
37995.25206600827,0.3621455317165637
38015.29176161239,0.3621455317165637
38035.33145721651,0.0
38055.37115282063,0.3621455317165637
38075.410848424755,0.0
38095.450544028885,0.3621455317165637
38115.49023963301,0.3621455317165637
38135.52993523713,0.0
38155.56963084125,0.0
38175.609326445374,0.0
38195.649022049496,0.0
38215.68871765362,0.0
38235.72841325774,0.0
38255.76810886187,0.0
38275.80780446599,0.0
38295.847500070115,0.0
38315.88719567424,0.3621455317165637
38335.92689127836,0.0
38355.96658688248,0.0
38376.0062824866,0.3621455317165637
38396.04597809073,0.0
38416.085673694855,0.0
38436.12536929898,0.0
38456.1650649031,0.7242910634331274
38476.20476050722,0.0
38496.244456111344,0.3621455317165637
38516.28415171547,0.3621455317165637
38536.32384731959,0.0
38556.36354292372,0.3621455317165637
38576.40323852784,0.0
38596.44293413196,0.0
38616.482629736085,0.0
38636.52232534021,0.0
38656.56202094433,0.3621455317165637
38676.60171654845,0.0
38696.64141215258,0.3621455317165637
38716.6811077567,0.7242910634331274
38736.720803360826,0.0
38756.76049896495,0.0
38776.80019456907,0.3621455317165637
38796.83989017319,0.0
38816.879585777315,0.0
38836.91928138144,0.3621455317165637
38856.95897698557,0.0
38876.99867258969,0.0
38897.03836819381,0.3621455317165637
38917.07806379793,0.3621455317165637
38937.117759402056,0.0
38957.15745500618,0.0
38977.1971506103,0.0
38997.23684621443,0.3621455317165637
39017.27654181855,0.3621455317165637
39037.316237422674,0.7242910634331274
39057.355933026796,0.3621455317165637
39077.39562863092,0.3621455317165637
39097.43532423504,0.7242910634331274
39117.47501983916,0.3621455317165637
39137.514715443285,0.0
39157.554411047415,0.0
39177.59410665154,0.0
39197.63380225566,0.0
39217.67349785978,0.3621455317165637
39237.713193463904,0.0
39257.752889068026,0.0
39277.79258467215,0.0
39297.83228027627,0.0
39317.8719758804,0.0
39337.91167148452,0.0
39357.951367088644,0.3621455317165637
39377.99106269277,0.0
39398.03075829689,0.3621455317165637
39418.07045390101,0.0
39438.11014950513,0.0
39458.14984510926,0.0
39478.189540713385,0.3621455317165637
39498.22923631751,0.0
39518.26893192163,0.0
39538.30862752575,0.0
39558.348323129874,0.0
39578.388018734,0.0
39598.42771433812,0.3621455317165637
39618.46740994225,0.7242910634331274
39638.50710554637,0.0
39658.54680115049,0.0
39678.586496754615,0.3621455317165637
39698.62619235874,0.0
39718.66588796286,0.0
39738.70558356698,0.0
39758.74527917111,0.3621455317165637
39778.78497477523,0.0
39798.824670379356,0.0
39818.86436598348,0.0
39838.9040615876,0.0
39858.94375719172,0.0
39878.983452795845,0.0
39899.02314839997,0.0
39919.0628440041,0.0
39939.10253960822,0.0
39959.14223521234,0.0
39979.18193081646,0.0
39999.221626420585,0.0
40019.26132202471,0.0
40039.30101762883,0.0
40059.34071323296,0.0
40079.38040883708,0.0
40099.420104441204,0.0
40119.459800045326,0.0
40139.49949564945,0.0
40159.53919125357,0.0
40179.57888685769,0.0
40199.618582461815,0.0
40219.658278065945,0.0
40239.69797367007,0.0
40259.73766927419,0.0
40279.77736487831,0.0
40299.81706048243,0.0
40319.856756086556,0.0
40339.89645169068,0.0
40359.93614729481,0.0
40379.97584289893,0.0
40400.01553850305,0.0
40420.055234107174,0.0
40440.0949297113,0.0
40460.13462531542,0.0
40480.17432091954,0.0
40500.21401652366,0.0
40520.25371212779,0.0
40540.293407731915,0.0
40560.33310333604,0.0
40580.37279894016,0.0
40600.41249454428,0.0
40620.452190148404,0.0
40640.491885752526,0.0
40660.53158135665,0.0
40680.57127696078,0.0
40700.6109725649,0.0
40720.65066816902,0.0
40740.690363773145,0.0
40760.73005937727,0.0
40780.76975498139,0.0
40800.80945058551,0.0
40820.84914618964,0.0
40840.88884179376,0.0
40860.928537397886,0.0
40880.96823300201,0.0
40901.00792860613,0.0
40921.04762421025,0.0
40941.087319814374,0.0
40961.1270154185,0.0
40981.166711022626,0.0
41001.20640662675,0.0
41021.24610223087,0.0
