folder,csv,n,energy_min,energy_max,energy_mean,energy_std,step_mean,step_std
C:\Users\phuynh\Projects\robotray-main\robotray_v2\sample_outputs_v2\017762_2026_04_01_rutile_150,C:\Users\phuynh\Projects\robotray-main\robotray_v2\sample_outputs_v2\017762_2026_04_01_rutile_150\017762_2026_04_01_16093458_MiningHighVoltage_rutile.csv,2048,-11.519388541059463,41010.33726737505,20499.408939416997,11847.773625515989,20.039988595953158,2.8800012710267835e-12
C:\Users\phuynh\Projects\robotray-main\robotray_v2\sample_outputs_v2\018212_2026_04_02_monazite-bra_150,C:\Users\phuynh\Projects\robotray-main\robotray_v2\sample_outputs_v2\018212_2026_04_02_monazite-bra_150\018212_2026_04_02_10280625_MiningHighVoltage_monazite-bra.csv,2048,-11.243347803050243,41007.89637973182,20498.32651596439,11846.988932792607,20.038661322684355,2.834635713984832e-12
C:\Users\phuynh\Projects\robotray-main\robotray_v2\sample_outputs_v2\018662_2026_04_02_monazite-bra_150,C:\Users\phuynh\Projects\robotray-main\robotray_v2\sample_outputs_v2\018662_2026_04_02_monazite-bra_150\018662_2026_04_02_12212129_MiningHighVoltage_monazite-bra.csv,2048,-10.57516057460042,41006.40218554889,20497.913512487143,11846.36440217545,20.037604956582065,2.3489719842134315e-12
C:\Users\phuynh\Projects\robotray-main\robotray_v2\sample_outputs_v2\018812_2026_04_02_monazite-bra_150,C:\Users\phuynh\Projects\robotray-main\robotray_v2\sample_outputs_v2\018812_2026_04_02_monazite-bra_150\018812_2026_04_02_13422799_MiningHighVoltage_monazite-bra.csv,2048,-11.191509107020748,41008.71600953083,20498.762250211905,11847.210683242762,20.039036403828945,2.8156816979886903e-12
C:\Users\phuynh\Projects\robotray-main\robotray_v2\sample_outputs_v2\018962_2026_04_02_monazite-bra_150,C:\Users\phuynh\Projects\robotray-main\robotray_v2\sample_outputs_v2\018962_2026_04_02_monazite-bra_150\018962_2026_04_02_15020626_MiningHighVoltage_monazite-bra.csv,2048,-10.960054948596357,41007.29833835151,20498.16914170146,11846.734389255254,20.038230773473426,2.8795690973363354e-12
C:\Users\phuynh\Projects\robotray-main\robotray_v2\sample_outputs_v2\019112_2026_04_02_monazite-bra_150,C:\Users\phuynh\Projects\robotray-main\robotray_v2\sample_outputs_v2\019112_2026_04_02_monazite-bra_150\019112_2026_04_02_16523472_MiningHighVoltage_monazite-bra.csv,2048,-11.315382017736038,41008.26956999289,20498.477093987578,11847.11752079986,20.03887882364955,2.7995080899348394e-12
C:\Users\phuynh\Projects\robotray-main\robotray_v2\sample_outputs_v2\019262_2026_04_03_rutile_150,C:\Users\phuynh\Projects\robotray-main\robotray_v2\sample_outputs_v2\019262_2026_04_03_rutile_150\019262_2026_04_03_11221073_MiningHighVoltage_rutile.csv,2048,-11.429760316292471,41009.36825027382,20498.969244978765,11847.467871676585,20.039471426766056,2.782480600711013e-12
C:\Users\phuynh\Projects\robotray-main\robotray_v2\sample_outputs_v2\019412_2026_04_03_rutile_150,C:\Users\phuynh\Projects\robotray-main\robotray_v2\sample_outputs_v2\019412_2026_04_03_rutile_150\019412_2026_04_03_14005943_MiningHighVoltage_rutile.csv,2048,-11.577213838444056,41010.09769650573,20499.26024133364,11847.721134464406,20.039899809645416,2.860045522217301e-12
C:\Users\phuynh\Projects\robotray-main\robotray_v2\sample_outputs_v2\019562_2026_04_03_rutile_150,C:\Users\phuynh\Projects\robotray-main\robotray_v2\sample_outputs_v2\019562_2026_04_03_rutile_150\019562_2026_04_03_15104277_MiningHighVoltage_rutile.csv,2048,-10.84348548942058,41006.29739411603,20497.726954313304,11846.411633281803,20.037684845923522,2.4298391139704827e-12
C:\Users\phuynh\Projects\robotray-main\robotray_v2\sample_outputs_v2\019712_2026_04_03_rutile_150,C:\Users\phuynh\Projects\robotray-main\robotray_v2\sample_outputs_v2\019712_2026_04_03_rutile_150\019712_2026_04_03_16183476_MiningHighVoltage_rutile.csv,2048,-11.074728215124278,41007.02920834625,20497.977240065564,11846.689779658696,20.03815531830062,2.8870126821637975e-12
C:\Users\phuynh\Projects\robotray-main\robotray_v2\sample_outputs_v2\020312_2026_04_07_feldspar_150,C:\Users\phuynh\Projects\robotray-main\robotray_v2\sample_outputs_v2\020312_2026_04_07_feldspar_150\020312_2026_04_07_14014629_MiningHighVoltage_feldspar.csv,2048,-10.552457374226854,41006.39309072364,20497.920316674707,11846.35521839295,20.037589422617426,2.768254141259806e-12
C:\Users\phuynh\Projects\robotray-main\robotray_v2\sample_outputs_v2\020462_2026_04_07_feldspar_150,C:\Users\phuynh\Projects\robotray-main\robotray_v2\sample_outputs_v2\020462_2026_04_07_feldspar_150\020462_2026_04_07_15033818_MiningHighVoltage_feldspar.csv,2048,-11.079406562659374,41009.3551332547,20499.13786334602,11847.362895456927,20.039293864102277,2.724423065197832e-12
C:\Users\phuynh\Projects\robotray-main\robotray_v2\sample_outputs_v2\020612_2026_04_07_feldspar_150,C:\Users\phuynh\Projects\robotray-main\robotray_v2\sample_outputs_v2\020612_2026_04_07_feldspar_150\020612_2026_04_07_16041264_MiningHighVoltage_feldspar.csv,2048,-11.031282201965478,41008.19930668587,20498.584012241954,11847.01517501636,20.038705710252973,2.7250091574582023e-12
C:\Users\phuynh\Projects\robotray-main\robotray_v2\sample_outputs_v2\020762_2026_04_08_feldspar_150,C:\Users\phuynh\Projects\robotray-main\robotray_v2\sample_outputs_v2\020762_2026_04_08_feldspar_150\020762_2026_04_08_10001764_MiningHighVoltage_feldspar.csv,2048,-11.163123179579234,41008.67624715661,20498.756561988514,11847.191000914441,20.039003112035267,2.758885758112384e-12
C:\Users\phuynh\Projects\robotray-main\robotray_v2\sample_outputs_v2\020912_2026_04_08_feldspar_150,C:\Users\phuynh\Projects\robotray-main\robotray_v2\sample_outputs_v2\020912_2026_04_08_feldspar_150\020912_2026_04_08_11041632_MiningHighVoltage_feldspar.csv,2048,-10.99444349625258,41008.567792745926,20498.786674624833,11847.110960119668,20.038867726547227,2.51234917993174e-12
C:\Users\phuynh\Projects\robotray-main\robotray_v2\sample_outputs_v2\021062_2026_04_08_quartz_150,C:\Users\phuynh\Projects\robotray-main\robotray_v2\sample_outputs_v2\021062_2026_04_08_quartz_150\021062_2026_04_08_13221966_MiningHighVoltage_quartz.csv,2048,-11.493055143263804,41011.51772273741,20500.012333797073,11848.106954548048,20.040552407367205,2.8073866048123477e-12
C:\Users\phuynh\Projects\robotray-main\robotray_v2\sample_outputs_v2\021212_2026_04_08_quartz_150,C:\Users\phuynh\Projects\robotray-main\robotray_v2\sample_outputs_v2\021212_2026_04_08_quartz_150\021212_2026_04_08_14342844_MiningHighVoltage_quartz.csv,2048,-11.177111432494549,41007.6718624779,20498.247375522704,11846.904958457837,20.038519283786222,2.370855141744588e-12
C:\Users\phuynh\Projects\robotray-main\robotray_v2\sample_outputs_v2\021362_2026_04_08_quartz_150,C:\Users\phuynh\Projects\robotray-main\robotray_v2\sample_outputs_v2\021362_2026_04_08_quartz_150\021362_2026_04_08_15380762_MiningHighVoltage_quartz.csv,2048,-11.02363957824899,41006.98035500733,20497.978357714543,11846.660914804654,20.03810649466809,2.8187359977559195e-12
C:\Users\phuynh\Projects\robotray-main\robotray_v2\sample_outputs_v2\021512_2026_04_08_quartz_150,C:\Users\phuynh\Projects\robotray-main\robotray_v2\sample_outputs_v2\021512_2026_04_08_quartz_150\021512_2026_04_08_16513493_MiningHighVoltage_quartz.csv,2048,-11.264554311486828,41007.86608711023,20498.30076639937,11846.986308576625,20.038656883938312,2.5751659779915164e-12
C:\Users\phuynh\Projects\robotray-main\robotray_v2\sample_outputs_v2\021662_2026_04_09_quartz_150,C:\Users\phuynh\Projects\robotray-main\robotray_v2\sample_outputs_v2\021662_2026_04_09_quartz_150\021662_2026_04_09_10063933_MiningHighVoltage_quartz.csv,2048,-11.273806823442747,41008.84724462596,20498.786718901254,11847.272354961673,20.039140718832144,2.8654736119610954e-12
C:\Users\phuynh\Projects\robotray-main\robotray_v2\sample_outputs_v2\021812_2026_04_10_quartz_150,C:\Users\phuynh\Projects\robotray-main\robotray_v2\sample_outputs_v2\021812_2026_04_10_quartz_150\021812_2026_04_10_10251301_MiningHighVoltage_quartz.csv,2048,-11.910927051308244,41011.44519128396,20499.767132116325,11848.206694439496,20.040721113011855,2.6320706110138837e-12
C:\Users\phuynh\Projects\robotray-main\robotray_v2\sample_outputs_v2\021962_2026_04_13_zircon_150,C:\Users\phuynh\Projects\robotray-main\robotray_v2\sample_outputs_v2\021962_2026_04_13_zircon_150\021962_2026_04_13_10032364_MiningHighVoltage_zircon.csv,2048,-11.53844084979323,41013.78986464856,20501.125711899385,11848.77629389111,20.041684565460848,2.7227317662936444e-12
C:\Users\phuynh\Projects\robotray-main\robotray_v2\sample_outputs_v2\022412_2026_04_13_zircon_150,C:\Users\phuynh\Projects\robotray-main\robotray_v2\sample_outputs_v2\022412_2026_04_13_zircon_150\022412_2026_04_13_11164081_MiningHighVoltage_zircon.csv,2048,-11.410412051965562,41015.29035677082,20501.939972359425,11849.172683428362,20.04235504094909,2.7821779435540733e-12
C:\Users\phuynh\Projects\robotray-main\robotray_v2\sample_outputs_v2\022562_2026_04_13_zircon_150,C:\Users\phuynh\Projects\robotray-main\robotray_v2\sample_outputs_v2\022562_2026_04_13_zircon_150\022562_2026_04_13_13380973_MiningHighVoltage_zircon.csv,2048,-11.483879489819198,41013.04916643452,20500.782643472347,11848.546610103622,20.041296065424685,2.744908446258817e-12
C:\Users\phuynh\Projects\robotray-main\robotray_v2\sample_outputs_v2\022712_2026_04_13_zircon_150,C:\Users\phuynh\Projects\robotray-main\robotray_v2\sample_outputs_v2\022712_2026_04_13_zircon_150\022712_2026_04_13_15471214_MiningHighVoltage_zircon.csv,2048,-11.293054903879105,41012.28117618794,20500.494060642028,11848.269688920367,20.040827665408802,2.619942528529806e-12
C:\Users\phuynh\Projects\robotray-main\robotray_v2\sample_outputs_v2\022862_2026_04_14_zircon_150,C:\Users\phuynh\Projects\robotray-main\robotray_v2\sample_outputs_v2\022862_2026_04_14_zircon_150\022862_2026_04_14_09591550_MiningHighVoltage_zircon.csv,2048,-11.019765185045578,41008.0745318243,20498.527383319626,11846.975811724325,20.038639128973788,2.65327188776538e-12
C:\Users\phuynh\Projects\robotray-main\robotray_v2\sample_outputs_v2\023012_2026_04_14_nephe_150,C:\Users\phuynh\Projects\robotray-main\robotray_v2\sample_outputs_v2\023012_2026_04_14_nephe_150\023012_2026_04_14_11501514_MiningHighVoltage_nephe.csv,2048,-11.019765185045578,41008.0745318243,20498.527383319626,11846.975811724325,20.038639128973788,2.65327188776538e-12
C:\Users\phuynh\Projects\robotray-main\robotray_v2\sample_outputs_v2\023312_2026_04_14_nephe_150,C:\Users\phuynh\Projects\robotray-main\robotray_v2\sample_outputs_v2\023312_2026_04_14_nephe_150\023312_2026_04_14_14122597_MiningHighVoltage_nephe.csv,2048,-11.487635251122512,41011.132369653504,20499.822367201188,11847.994093011868,20.04036150703695,2.6112798495252247e-12
C:\Users\phuynh\Projects\robotray-main\robotray_v2\sample_outputs_v2\023462_2026_04_14_nephe_150,C:\Users\phuynh\Projects\robotray-main\robotray_v2\sample_outputs_v2\023462_2026_04_14_nephe_150\023462_2026_04_14_15154306_MiningHighVoltage_nephe.csv,2048,-11.16378597327232,41007.23997943767,20498.0380967322,11846.776375064797,20.038301790625766,2.8069633022804035e-12
C:\Users\phuynh\Projects\robotray-main\robotray_v2\sample_outputs_v2\023612_2026_04_15_nephe_150,C:\Users\phuynh\Projects\robotray-main\robotray_v2\sample_outputs_v2\023612_2026_04_15_nephe_150\023612_2026_04_15_10062585_MiningHighVoltage_nephe.csv,2048,-11.25544655257224,41009.56982460516,20499.157189026297,11847.475744968053,20.03948474409269,2.780175285802271e-12
C:\Users\phuynh\Projects\robotray-main\robotray_v2\sample_outputs_v2\023762_2026_04_15_nephe_150,C:\Users\phuynh\Projects\robotray-main\robotray_v2\sample_outputs_v2\023762_2026_04_15_nephe_150\023762_2026_04_15_11542363_MiningHighVoltage_nephe.csv,2048,-11.456630610238763,41009.25505508812,20498.89921223894,11847.44293965597,20.03942925534849,2.7522607052602397e-12
C:\Users\phuynh\Projects\robotray-main\robotray_v2\sample_outputs_v2\023912_2026_04_15_garnet_150,C:\Users\phuynh\Projects\robotray-main\robotray_v2\sample_outputs_v2\023912_2026_04_15_garnet_150\023912_2026_04_15_14054984_MiningHighVoltage_garnet.csv,2048,-11.340946035124064,41010.60658327088,20499.63281861788,11847.799871216204,20.040032989402054,2.530514367062657e-12
C:\Users\phuynh\Projects\robotray-main\robotray_v2\sample_outputs_v2\024062_2026_04_15_garnet_150,C:\Users\phuynh\Projects\robotray-main\robotray_v2\sample_outputs_v2\024062_2026_04_15_garnet_150\024062_2026_04_15_15064515_MiningHighVoltage_garnet.csv,2048,-11.340946035124064,41010.60658327088,20499.63281861788,11847.799871216204,20.040032989402054,2.530514367062657e-12
C:\Users\phuynh\Projects\robotray-main\robotray_v2\sample_outputs_v2\024212_2026_04_15_garnet_150,C:\Users\phuynh\Projects\robotray-main\robotray_v2\sample_outputs_v2\024212_2026_04_15_garnet_150\024212_2026_04_15_16102076_MiningHighVoltage_garnet.csv,2048,-11.513888878120698,41008.53901356009,20498.512562340984,11847.25267242843,20.03910742669185,2.5751788754139365e-12
C:\Users\phuynh\Projects\robotray-main\robotray_v2\sample_outputs_v2\024362_2026_04_16_garnet_150,C:\Users\phuynh\Projects\robotray-main\robotray_v2\sample_outputs_v2\024362_2026_04_16_garnet_150\024362_2026_04_16_10231330_MiningHighVoltage_garnet.csv,2048,-11.15973231334279,41008.57968759,20498.709977638326,11847.162133617865,20.038954284271295,2.6708373540749502e-12
C:\Users\phuynh\Projects\robotray-main\robotray_v2\sample_outputs_v2\024512_2026_04_16_garnet_150,C:\Users\phuynh\Projects\robotray-main\robotray_v2\sample_outputs_v2\024512_2026_04_16_garnet_150\024512_2026_04_16_11261650_MiningHighVoltage_garnet.csv,2048,-11.476657095627887,41007.649441271016,20498.086392087695,11846.98499646907,20.03865466456602,2.776403230106461e-12
C:\Users\phuynh\Projects\robotray-main\robotray_v2\sample_outputs_v2\024662_2026_04_21_tray_150,C:\Users\phuynh\Projects\robotray-main\robotray_v2\sample_outputs_v2\024662_2026_04_21_tray_150\024662_2026_04_21_11024771_MiningHighVoltage_tray.csv,2048,-11.761035261791609,41015.84870021496,20502.043832476582,11849.435207653914,20.042799089143504,3.099478857048314e-12
C:\Users\phuynh\Projects\robotray-main\robotray_v2\sample_outputs_v2\024812_2026_04_21_tray_150,C:\Users\phuynh\Projects\robotray-main\robotray_v2\sample_outputs_v2\024812_2026_04_21_tray_150\024812_2026_04_21_12050228_MiningHighVoltage_tray.csv,2048,-11.614317537396754,41015.88633981424,20502.13601113842,11849.403704132641,20.042745802321267,2.6848437981002802e-12
C:\Users\phuynh\Projects\robotray-main\robotray_v2\sample_outputs_v2\024962_2026_04_21_tray_150,C:\Users\phuynh\Projects\robotray-main\robotray_v2\sample_outputs_v2\024962_2026_04_21_tray_150\024962_2026_04_21_14054007_MiningHighVoltage_tray.csv,2048,-11.171294082982907,41013.02093574779,20500.9248208324,11848.448176920589,20.041129570019915,3.0459699012789223e-12
