<configuration>

    <appender name="FILE" class="ch.qos.logback.core.FileAppender">
        <File>${loggerFilename}.txt</File>
        <append>false</append>

        <encoder>
            <pattern>%date %level [%thread] [%file:%line] %msg%n</pattern>
        </encoder>
    </appender>

    <appender name="STDOUT" class="ch.qos.logback.core.ConsoleAppender">
        <encoder>
            <pattern>%date %level [%thread] [%file:%line] %msg%n</pattern>
        </encoder>
    </appender>

    <root level="debug">
        <appender-ref ref="FILE" />
        <appender-ref ref="STDOUT" />
    </root>

    <logger name="com.j256.ormlite" level="ERROR"/>
</configuration>