Energy (keV),Intensity (CPS)
-10.691028186619306,0.0
9.347175955551776,0.0
29.38538009772286,0.0
49.42358423989394,0.0
69.46178838206502,0.0
89.4999925242361,0.0
109.53819666640719,0.0
129.57640080857828,0.0
149.61460495074937,0.0
169.65280909292045,0.0
189.69101323509153,0.0
209.72921737726261,0.0
229.7674215194337,0.0
249.80562566160478,0.0
269.84382980377586,0.0
289.88203394594694,0.10977133832602311
309.920238088118,0.0
329.9584422302891,0.10977133832602311
349.9966463724602,0.10977133832602311
370.0348505146313,0.21954267665204621
390.07305465680236,0.32931401497806934
410.11125879897344,0.32931401497806934
430.1494629411445,0.10977133832602311
450.1876670833156,0.43908535330409243
470.2258712254867,0.6586280299561387
490.26407536765777,0.987942044934208
510.30227950982885,0.6586280299561387
530.340483652,0.5488566916301155
550.378687794171,0.6586280299561387
570.416891936342,1.5367987365643234
590.4550960785132,0.6586280299561387
610.4933002206843,0.6586280299561387
630.5315043628553,0.21954267665204621
650.5697085050264,1.207484721586254
670.6079126471975,0.7683993682821617
690.6461167893686,0.43908535330409243
710.6843209315397,1.4270273982383004
730.7225250737107,1.207484721586254
750.7607292158818,0.43908535330409243
770.798933358053,0.7683993682821617
790.837137500224,0.987942044934208
810.875341642395,0.6586280299561387
830.9135457845662,0.6586280299561387
850.9517499267373,0.7683993682821617
870.9899540689083,0.5488566916301155
891.0281582110794,0.32931401497806934
911.0663623532505,0.8781707066081849
931.1045664954216,0.5488566916301155
951.1427706375927,0.6586280299561387
971.1809747797637,0.0
991.2191789219348,0.32931401497806934
1011.257383064106,0.8781707066081849
1031.2955872062769,0.5488566916301155
1051.333791348448,0.43908535330409243
1071.3719954906192,0.32931401497806934
1091.4101996327902,0.10977133832602311
1111.4484037749612,0.5488566916301155
1131.4866079171322,0.43908535330409243
1151.5248120593033,0.32931401497806934
1171.5630162014745,0.7683993682821617
1191.6012203436455,0.5488566916301155
1211.6394244858166,0.5488566916301155
1231.6776286279878,0.21954267665204621
1251.7158327701588,0.5488566916301155
1271.7540369123299,0.43908535330409243
1291.792241054501,0.5488566916301155
1311.830445196672,0.32931401497806934
1331.8686493388432,0.7683993682821617
1351.9068534810142,0.21954267665204621
1371.9450576231852,0.5488566916301155
1391.9832617653565,0.5488566916301155
1412.0214659075275,0.43908535330409243
1432.0596700496985,0.10977133832602311
1452.0978741918696,0.43908535330409243
1472.1360783340406,1.3172560599122773
1492.1742824762118,1.5367987365643234
1512.2124866183829,1.207484721586254
1532.2506907605539,1.097713383260231
1552.2888949027251,0.6586280299561387
1572.3270990448962,0.6586280299561387
1592.3653031870672,0.21954267665204621
1612.4035073292382,0.43908535330409243
1632.4417114714092,0.21954267665204621
1652.4799156135805,0.21954267665204621
1672.5181197557515,0.0
1692.5563238979225,1.207484721586254
1712.5945280400938,0.8781707066081849
1732.6327321822648,1.8661127515423928
1752.6709363244358,1.6465700748903467
1772.7091404666069,0.5488566916301155
1792.747344608778,1.097713383260231
1812.7855487509491,0.43908535330409243
1832.8237528931202,0.21954267665204621
1852.8619570352912,0.987942044934208
1872.9001611774625,0.987942044934208
1892.9383653196335,0.7683993682821617
1912.9765694618045,0.43908535330409243
1933.0147736039755,1.207484721586254
1953.0529777461466,0.43908535330409243
1973.0911818883178,0.10977133832602311
1993.1293860304888,0.7683993682821617
2013.1675901726599,0.987942044934208
2033.205794314831,0.5488566916301155
2053.243998457002,0.5488566916301155
2073.282202599173,0.987942044934208
2093.3204067413444,0.7683993682821617
2113.358610883515,0.7683993682821617
2133.3968150256865,0.21954267665204621
2153.4350191678577,0.8781707066081849
2173.4732233100285,0.5488566916301155
2193.5114274521998,0.10977133832602311
2213.5496315943706,0.43908535330409243
2233.587835736542,0.6586280299561387
2253.626039878713,0.987942044934208
2273.664244020884,1.3172560599122773
2293.702448163055,0.7683993682821617
2313.740652305226,0.5488566916301155
2333.778856447397,0.987942044934208
2353.8170605895684,0.987942044934208
2373.855264731739,0.6586280299561387
2393.8934688739105,0.6586280299561387
2413.9316730160817,0.7683993682821617
2433.9698771582525,0.987942044934208
2454.008081300424,0.43908535330409243
2474.046285442595,0.5488566916301155
2494.084489584766,0.6586280299561387
2514.122693726937,0.7683993682821617
2534.160897869108,0.21954267665204621
2554.199102011279,0.8781707066081849
2574.2373061534504,1.207484721586254
2594.275510295621,1.097713383260231
2614.3137144377924,1.097713383260231
2634.3519185799632,1.3172560599122773
2654.3901227221345,1.5367987365643234
2674.4283268643057,0.8781707066081849
2694.4665310064765,0.21954267665204621
2714.504735148648,0.8781707066081849
2734.542939290819,0.7683993682821617
2754.58114343299,0.43908535330409243
2774.619347575161,0.21954267665204621
2794.6575517173324,0.5488566916301155
2814.695755859503,1.097713383260231
2834.7339600016744,0.8781707066081849
2854.772164143845,1.975884089868416
2874.8103682860165,2.305198104846485
2894.8485724281877,6.256966284583317
2914.8867765703585,13.501874614100842
2934.9249807125298,16.685243425555512
2954.9631848547006,19.539298222032112
2975.001388996872,17.563414132163697
2995.039593139043,12.733475245818681
3015.077797281214,6.476508961235363
3035.116001423385,2.7442834581505777
3055.1542055655564,1.207484721586254
3075.192409707727,0.5488566916301155
3095.2306138498984,0.987942044934208
3115.2688179920697,0.987942044934208
3135.3070221342405,1.8661127515423928
3155.3452262764117,1.8661127515423928
3175.3834304185825,1.5367987365643234
3195.421634560754,2.414969443172508
3215.459838702925,2.085655428194439
3235.498042845096,1.5367987365643234
3255.536246987267,1.4270273982383004
3275.574451129438,1.8661127515423928
3295.612655271609,1.4270273982383004
3315.6508594137804,1.7563414132163697
3335.689063555951,1.3172560599122773
3355.7272676981224,1.4270273982383004
3375.7654718402937,0.987942044934208
3395.8036759824645,0.987942044934208
3415.8418801246357,0.6586280299561387
3435.880084266807,1.3172560599122773
3455.918288408978,0.43908535330409243
3475.956492551149,0.5488566916301155
3495.99469669332,0.8781707066081849
3516.032900835491,0.5488566916301155
3536.0711049776623,0.987942044934208
3556.109309119833,0.10977133832602311
3576.1475132620044,0.32931401497806934
3596.185717404175,1.8661127515423928
3616.2239215463464,2.5247407814985316
3636.2621256885177,3.1833688114546703
3656.3003298306885,4.61039620969297
3676.3385339728598,5.598338254627178
3696.376738115031,6.037423607931271
3716.414942257202,3.2931401497806934
3736.453146399373,3.1833688114546703
3756.4913505415443,1.975884089868416
3776.529554683715,1.6465700748903467
3796.5677588258864,1.3172560599122773
3816.605962968057,0.5488566916301155
3836.6441671102284,0.21954267665204621
3856.6823712523997,0.10977133832602311
3876.7205753945705,0.7683993682821617
3896.7587795367417,0.43908535330409243
3916.7969836789125,0.7683993682821617
3936.8351878210838,0.6586280299561387
3956.873391963255,0.5488566916301155
3976.911596105426,0.6586280299561387
3996.949800247597,1.097713383260231
4016.9880043897683,1.097713383260231
4037.026208531939,0.8781707066081849
4057.0644126741104,0.8781707066081849
4077.1026168162816,1.207484721586254
4097.140820958452,0.7683993682821617
4117.179025100623,0.32931401497806934
4137.217229242795,0.21954267665204621
4157.255433384966,0.32931401497806934
4177.2936375271365,0.43908535330409243
4197.331841669308,1.207484721586254
4217.370045811479,0.43908535330409243
4237.40824995365,0.10977133832602311
4257.4464540958215,0.5488566916301155
4277.484658237992,0.0
4297.522862380163,0.7683993682821617
4317.561066522335,0.32931401497806934
4337.599270664506,0.8781707066081849
4357.637474806676,1.097713383260231
4377.675678948847,0.987942044934208
4397.713883091019,0.987942044934208
4417.75208723319,0.5488566916301155
4437.7902913753605,0.6586280299561387
4457.828495517532,0.32931401497806934
4477.866699659703,1.207484721586254
4497.904903801874,1.207484721586254
4517.943107944046,0.8781707066081849
4537.981312086216,1.4270273982383004
4558.019516228387,0.5488566916301155
4578.057720370559,0.6586280299561387
4598.09592451273,0.7683993682821617
4618.1341286549,0.5488566916301155
4638.172332797071,0.8781707066081849
4658.210536939243,0.6586280299561387
4678.248741081414,0.7683993682821617
4698.286945223585,0.8781707066081849
4718.325149365756,0.7683993682821617
4738.363353507927,0.7683993682821617
4758.401557650098,1.097713383260231
4778.43976179227,0.8781707066081849
4798.47796593444,0.8781707066081849
4818.516170076611,2.085655428194439
4838.554374218783,0.987942044934208
4858.592578360954,1.3172560599122773
4878.6307825031245,0.8781707066081849
4898.668986645296,0.6586280299561387
4918.707190787467,1.097713383260231
4938.745394929638,1.3172560599122773
4958.7835990718095,1.3172560599122773
4978.82180321398,1.8661127515423928
4998.860007356151,0.987942044934208
5018.898211498322,1.7563414132163697
5038.936415640494,1.5367987365643234
5058.974619782664,2.085655428194439
5079.012823924835,3.1833688114546703
5099.051028067007,1.6465700748903467
5119.089232209178,1.4270273982383004
5139.1274363513485,2.5247407814985316
5159.16564049352,1.7563414132163697
5179.203844635691,2.195426766520462
5199.242048777862,2.7442834581505777
5219.2802529200335,2.195426766520462
5239.318457062204,2.414969443172508
5259.356661204375,3.7322255030847855
5279.394865346546,3.1833688114546703
5299.433069488718,4.171310856388878
5319.471273630888,3.8419968414108085
5339.509477773059,4.281082194714902
5359.547681915231,6.037423607931271
5379.585886057402,6.366737622909341
5399.6240901995725,6.366737622909341
5419.662294341744,7.135136991191502
5439.700498483915,6.805822976213433
5459.738702626086,6.696051637887409
5479.7769067682575,5.378795577975132
5499.815110910428,5.817880931279225
5519.853315052599,5.049481562997063
5539.891519194771,5.927652269605248
5559.929723336942,6.037423607931271
5579.967927479112,5.927652269605248
5600.006131621284,6.147194946257294
5620.044335763455,7.244908329517525
5640.082539905626,6.256966284583317
5660.1207440477965,6.586280299561387
5680.158948189968,8.013307697799688
5700.197152332139,8.781707066081848
5720.23535647431,8.342621712777756
5740.2735606164815,10.428277140972195
5760.311764758652,7.903536359473664
5780.349968900823,8.342621712777756
5800.388173042995,10.208734464320148
5820.426377185166,12.40416123084061
5840.464581327336,11.30644784758038
5860.502785469508,16.24615807225142
5880.540989611679,13.392103275774819
5900.57919375385,15.148444688991189
5920.6173978960205,16.90478610220756
5940.655602038192,15.587530042295281
5960.693806180363,13.83118862907891
5980.732010322534,15.367987365643234
6000.7702144647055,17.234100117185626
6020.808418606876,16.136386733925395
6040.846622749047,14.160502644056981
6060.884826891219,15.587530042295281
6080.92303103339,19.75884089868416
6100.96123517556,17.34387145551165
6120.999439317732,21.515182311900528
6141.037643459903,22.94220971013883
6161.075847602074,22.61289569516076
6181.114051744245,22.94220971013883
6201.152255886416,26.674435213223614
6221.190460028587,30.62620339296045
6241.228664170759,33.69980086608909
6261.26686831293,33.69980086608909
6281.3050724551,36.1147703092616
6301.343276597271,38.41996841410809
6321.381480739443,45.00624871366947
6341.419684881614,45.335562728647545
6361.457889023784,54.995440501337576
6381.496093165956,60.37423607931271
6401.534297308127,53.6781844414253
6421.572501450298,48.73847421675426
6441.6107055924695,47.31144681851596
6461.64890973464,40.505623842302526
6481.687113876811,36.00499897093558
6501.725318018983,31.175060084590562
6521.763522161154,34.46820023437125
6541.801726303324,28.869861979744076
6561.839930445495,29.418718671374194
6581.878134587667,30.73597473128647
6601.916338729838,29.418718671374194
6621.9545428720085,31.943459452872723
6641.99274701418,31.614145437894656
6662.030951156351,31.284831422916586
6682.069155298522,34.138886219393186
6702.1073594406935,37.43202636917388
6722.145563582864,35.895227632609554
6742.183767725035,37.5417977074999
6762.221971867207,39.4079104590423
6782.260176009378,40.06653848899843
6802.298380151548,38.09065439913002
6822.33658429372,39.18836778239025
6842.374788435891,46.32350477358175
6862.412992578062,46.76259012688585
6882.451196720233,47.42121815684198
6902.489400862404,46.98213280353789
6922.527605004575,47.860303510146075
6942.565809146746,51.702300351556886
6962.6040132889175,50.60458696829665
6982.642217431088,52.58047105816507
7002.680421573259,54.336812471381435
7022.718625715431,53.12932774979518
7042.756829857602,54.55635514803348
7062.795033999772,54.77589782468553
7082.833238141944,60.703550094290776
7102.871442284115,56.642010576227925
7122.909646426286,56.31269656124985
7142.947850568457,50.8241296449487
7162.986054710628,51.59252901323086
7183.024258852799,54.885669163011556
7203.06246299497,54.117269794729395
7223.1006671371415,56.20292522292383
7243.138871279312,60.37423607931271
7263.177075421483,60.593778755964756
7283.215279563655,62.02080615420306
7303.253483705826,63.777147567419426
7323.291687847996,67.50937307050421
7343.329891990168,64.76508961235363
7363.368096132339,67.39960173217818
7383.40630027451,69.59502849869865
7403.444504416681,67.50937307050421
7423.482708558852,76.73016548989015
7443.520912701023,75.41290942997787
7463.559116843195,75.19336675332583
7483.5973209853655,77.71810753482436
7503.635525127536,74.42496738504367
7523.673729269708,77.82787887315038
7543.711933411879,74.20542470839162
7563.75013755405,71.35136991191501
7583.78834169622,69.04617180706853
7603.826545838392,72.33931195684923
7623.864749980563,71.79045526521911
7643.902954122734,75.85199478328197
7663.941158264905,77.16925084319425
7683.979362407076,74.31519604671765
7704.017566549247,76.18130879826003
7724.055770691419,77.49856485817232
7744.0939748335895,76.9497081665422
7764.13217897576,82.87736043614744
7784.170383117932,82.76758909782143
7804.208587260103,80.90147634627903
7824.246791402274,82.6578177594954
7844.284995544444,85.9509579092761
7864.323199686616,89.35386939738281
7884.361403828787,90.34181144231702
7904.399607970958,101.86780196654945
7924.437812113129,102.63620133483161
7944.4760162553,113.94264918241198
7964.514220397471,126.56635308990464
7984.552424539643,145.66656595863267
8004.5906286818135,161.14432466260192
8024.628832823984,173.8777999084206
8044.667036966156,177.06116871987527
8064.705241108327,172.34100117185628
8084.743445250498,164.3276934740566
8104.781649392669,149.6183341383695
8124.81985353484,133.04286205114002
8144.858057677011,122.72435624849383
8164.896261819183,114.4915058740421
8184.934465961353,110.2104236793272
8204.972670103525,105.9293414846123
8225.010874245696,108.67362494276287
8245.049078387867,113.39379249078188
8265.08728253004,112.6253931224997
8285.12548667221,112.18630776919562
8305.163690814381,116.13807594893245
8325.201894956552,111.74722241589153
8345.240099098723,118.00418870047484
8365.278303240893,116.02830461060643
8385.316507383064,120.30938680532132
8405.354711525237,116.90647531721461
8425.392915667408,114.60127721236812
8445.431119809578,122.83412758681986
8465.46932395175,133.4819474044441
8485.50752809392,145.22748060532857
8505.54573223609,169.59671771370571
8525.583936378263,217.45702122385177
8545.622140520434,278.9289706864247
8565.660344662605,336.8882373225649
8585.698548804776,403.848753701439
8605.736752946947,441.50032274726493
8625.774957089117,483.2134313111537
8645.81316123129,473.00469684683355
8665.85136537346,426.4616493965998
8685.889569515632,390.1273364106861
8705.927773657802,311.42128683092756
8725.965977799973,247.75391060183415
8746.004181942144,210.8707409242904
8766.042386084315,181.4520222529162
8786.080590226487,154.55804436304052
8806.118794368658,153.57010231810634
8826.156998510829,155.21667239299668
8846.195202653,157.6316418361692
8866.23340679517,160.1563826176677
8886.271610937341,164.54723615070864
8906.309815079514,163.77883678242648
8926.348019221685,158.94889789608146
8946.386223363856,163.66906544410045
8966.424427506026,158.61958388110338
8986.462631648197,165.8644922106209
9006.500835790368,155.98507176127885
9026.539039932539,146.43496532691483
9046.577244074711,159.71729726436362
9066.615448216882,159.27821191105951
9086.653652359053,157.85118451282122
9106.691856501224,156.753471129561
9126.730060643395,157.1925564828651
9146.768264785565,153.13101696480223
9166.806468927738,151.26490421325985
9186.844673069909,162.68112339916624
9206.88287721208,158.94889789608146
9226.92108135425,167.40129094718523
9246.959285496421,173.10940054013844
9266.997489638592,169.26740369872763
9287.035693780763,167.95014763881537
9307.073897922935,162.9006660758183
9327.112102065106,168.05991897714136
9347.150306207277,174.8657419533548
9367.188510349448,172.78008652516036
9387.226714491619,169.04786102207558
9407.26491863379,178.92728147141767
9427.303122775962,182.22042162119837
9447.341326918133,186.1721898009352
9467.379531060304,202.63789054983866
9487.417735202474,207.35805809785765
9507.455939344645,213.83456705909302
9527.494143486816,230.30026780799648
9547.532347628989,229.31232576306226
9567.57055177116,232.49569457451693
9587.60875591333,232.2761518978649
9607.646960055501,227.00712765821578
9627.685164197672,228.10484104147602
9647.723368339843,209.22417084940005
9667.761572482013,206.91897274455357
9687.799776624186,199.1252077234059
9707.837980766357,189.13601593573782
9727.876184908528,183.7572203577627
9747.914389050698,191.9900707322144
9767.95259319287,188.03830255247757
9787.99079733504,190.23372931899806
9808.029001477213,187.48944586084747
9828.067205619383,182.00087894454632
9848.105409761554,183.53767768111064
9868.143613903725,187.48944586084747
9888.181818045896,189.13601593573782
9908.220022188067,188.1480738908036
9928.25822633024,189.79464396569395
9948.29643047241,192.09984207054043
9968.33463461458,197.58840898684159
9988.372838756752,187.70898853749952
10008.411042898922,196.92978095688545
10028.449247041093,187.81875987582555
10048.487451183264,194.51481151371294
10068.525655325437,187.70898853749952
10088.563859467607,200.33269244499218
10108.602063609778,202.52811921151263
10128.640267751949,202.19880519653455
10148.67847189412,200.55223512164423
10168.71667603629,196.1613815886033
10188.754880178463,198.13726567847172
10208.793084320634,199.1252077234059
10228.831288462805,210.32188423266027
10248.869492604976,208.1264574661398
10268.907696747146,202.8574332264907
10288.945900889317,196.38092426525535
10308.984105031488,195.8320675736252
10329.02230917366,193.3073267921267
10349.060513315831,201.64994850490444
10369.098717458002,197.6981803251676
10389.136921600173,205.27240266966322
10409.175125742344,200.11314976834012
10429.213329884515,205.1626313313372
10449.251534026687,205.38217400798922
10469.289738168858,196.92978095688545
10489.327942311029,195.06366820534305
10509.3661464532,204.17468928640298
10529.40435059537,204.61377463970706
10549.442554737541,200.88154913662228
10569.480758879712,201.8694911815565
10589.518963021885,206.04080203794538
10609.557167164055,196.6004669419074
10629.595371306226,198.35680835512375
10649.633575448397,196.82000961855942
10669.671779590568,208.67531415776992
10689.709983732739,206.15057337627138
10709.748187874911,202.30857653486058
10729.786392017082,214.82250910402723
10749.824596159253,210.32188423266027
10769.862800301424,215.7006798106354
10789.901004443595,216.57885051724358
10809.939208585765,224.1530728617392
10829.977412727938,222.8358168018269
10850.015616870109,215.2615944573313
10870.05382101228,213.17593902913688
10890.09202515445,211.96845430755062
10910.130229296621,211.8586829692246
10930.168433438792,199.1252077234059
10950.206637580963,208.4557714811179
10970.244841723135,194.62458285203897
10990.283045865306,198.68612237010183
11010.321250007477,198.79589370842785
11030.359454149648,194.40504017538692
11050.397658291819,191.33144270225827
11070.43586243399,197.58840898684159
11090.474066576162,196.6004669419074
11110.512270718333,194.2952688370609
11130.550474860504,190.12395798067203
11150.588679002674,184.96470507934893
11170.626883144845,194.84412552869102
11190.665087287016,198.5763510317758
11210.703291429189,199.78383575336207
11230.74149557136,200.22292110666615
11250.77969971353,190.45327199565008
11270.817903855701,192.09984207054043
11290.856107997872,186.7210464925653
11310.894312140043,186.61127515423928
11330.932516282213,181.78133626789426
11350.970720424386,190.67281467230214
11371.008924566557,195.61252489697318
11391.047128708728,195.7222962352992
11411.085332850898,189.79464396569395
11431.12353699307,191.4412140405843
11451.16174113524,194.07572616040886
11471.199945277413,187.70898853749952
11491.238149419583,185.07447641767496
11511.276353561754,186.61127515423928
11531.314557703925,194.51481151371294
11551.352761846096,186.1721898009352
11571.390965988267,189.35555861238987
11591.429170130437,177.1709400582013
11611.46737427261,188.47738790578168
11631.50557841478,189.90441530401998
11651.543782556952,184.74516240269688
11671.581986699122,176.07322667494105
11691.620190841293,188.91647325908576
11711.658394983464,179.5859095013738
11731.696599125637,179.80545217802586
11751.734803267807,172.78008652516036
11771.773007409978,182.54973563617642
11791.811211552149,184.41584838771882
11811.84941569432,179.25659548639572
11831.88761983649,177.93933942648346
11851.925823978661,176.18299801326708
11871.964028120834,166.52312024057704
11892.002232263005,170.0358030670098
11912.040436405176,169.92603172868377
11932.078640547346,165.75472087229488
11952.116844689517,165.20586418066478
11972.155048831688,168.05991897714136
11992.19325297386,170.69443109696593
12012.231457116031,167.2915196088592
12032.269661258202,164.10815079740453
12052.307865400373,160.92478198594986
12072.346069542544,163.01043741414432
12092.384273684715,169.7064890520317
12112.422477826887,170.91397377361798
12132.460681969058,169.04786102207558
12152.498886111229,160.37592529431976
12172.5370902534,163.77883678242648
12192.57529439557,164.21792213573056
12212.613498537741,162.13226670753613
12232.651702679912,167.40129094718523
12252.689906822085,152.25284625819404
12272.728110964255,157.41209915951714
12292.766315106426,156.86324246788703
12312.804519248597,153.24078830312826
12332.842723390768,151.70398956656393
12352.880927532939,148.52062075510926
12372.919131675111,157.7414131744952
12392.957335817282,150.38673350665167
12412.995539959453,148.3010780784572
12433.033744101624,160.1563826176677
12453.071948243794,145.55679462030665
12473.110152385965,145.99587997361073
12493.148356528138,148.3010780784572
12513.186560670309,146.87405068021891
12533.22476481248,146.65450800356686
12553.26296895465,138.64120030576717
12573.301173096821,140.0682277040055
12593.339377238992,144.34930989872038
12613.377581381163,139.51937101237536
12633.415785523335,135.56760283263853
12653.453989665506,142.26365447052595
12673.492193807677,132.27446268285783
12693.530397949848,129.85949323968535
12713.568602092018,130.1888072546634
12733.60680623419,133.70149008109615
12753.645010376362,126.12726773660054
12773.683214518533,129.09109387140316
12793.721418660703,127.11520978153476
12813.759622802874,125.68818238329646
12833.797826945045,125.35886836831838
12853.836031087216,121.29732885025554
12873.874235229387,118.44327405377894
12893.91243937156,130.84743528461954
12913.95064351373,124.15138364673213
12933.9888476559,124.48069766171021
12954.027051798072,123.82206963175406
12974.065255940242,120.85824349695145
12994.103460082413,116.57716130223653
13014.141664224586,112.6253931224997
13034.179868366757,113.61333516743392
13054.218072508927,110.75928037095731
13074.256276651098,110.97882304760937
13094.294480793269,107.68568289782867
13114.33268493544,102.08734464320149
13134.37088907761,102.30688731985353
13154.409093219783,94.62289363703192
13174.447297361954,98.90397583174682
13194.485501504125,95.50106434364011
13214.523705646296,97.9160337868126
13234.561909788466,89.46364073570884
13254.600113930637,90.7808967956211
13274.63831807281,99.78214653835501
13294.67652221498,92.6470095471635
13314.714726357151,92.53723820883748
13334.752930499322,93.41540891544567
13354.791134641493,84.30438783438575
13374.829338783664,88.25615601412258
13394.867542925836,85.18255854099394
13414.905747068007,84.19461649605972
13434.943951210178,83.31644578945154
13454.982155352349,80.68193366962699
13475.02035949452,75.41290942997787
13495.05856363669,78.92559225641061
13515.096767778861,77.05947950486822
13535.134971921034,70.47319920530684
13555.173176063205,71.90022660354514
13575.211380205375,73.21748266345742
13595.249584347546,70.91228455861092
13615.287788489717,71.13182723526297
13635.325992631888,66.85074504054808
13655.36419677406,63.44783355244136
13675.402400916231,61.47194946257294
13695.440605058402,66.41165968724398
13715.478809200573,58.83743734274839
13735.517013342744,63.118519537463285
13755.555217484914,57.30063860618406
13775.593421627087,54.227041133055415
13795.631625769258,54.55635514803348
13815.669829911429,51.92184302820893
13835.7080340536,54.336812471381435
13855.74623819577,54.00749845640337
13875.784442337941,47.860303510146075
13895.822646480112,45.22579139032152
13915.860850622284,46.32350477358175
13935.899054764455,46.98213280353789
13955.937258906626,40.72516651895457
13975.975463048797,37.65156904582592
13996.013667190968,41.60333722556276
14016.051871333138,41.493565887236734
14036.090075475311,37.76134038415195
14056.128279617482,34.35842889604523
14076.166483759653,36.663627000891715
14096.204687901823,31.614145437894656
14116.242892043994,30.845746069612492
14136.281096186165,27.113520566527708
14156.319300328336,29.857804024678284
14176.357504470509,26.1255785215935
14196.39570861268,30.4066607163084
14216.43391275485,23.71060907842099
14236.47211689702,24.588779785029175
14256.510321039192,21.734724988552575
14276.548525181362,19.100212868728022
14296.586729323535,22.94220971013883
14316.624933465706,21.515182311900528
14336.663137607877,17.782956808815744
14356.701341750048,15.697301380621305
14376.739545892218,17.563414132163697
14396.77775003439,15.587530042295281
14416.81595417656,13.721417290752889
14436.854158318733,13.06278926079675
14456.892362460903,13.06278926079675
14476.930566603074,9.989191787668103
14496.968770745245,10.867362494276287
14517.006974887416,11.30644784758038
14537.045179029587,8.891478404407872
14557.08338317176,9.440335096037987
14577.12158731393,8.45239305110378
14597.1597914561,8.12307903612571
14617.197995598272,5.598338254627178
14637.236199740442,6.476508961235363
14657.274403882613,8.45239305110378
14677.312608024786,5.269024239649109
14697.350812166957,4.93971022467104
14717.389016309127,5.598338254627178
14737.427220451298,5.598338254627178
14757.465424593469,4.93971022467104
14777.50362873564,3.6224541647587625
14797.54183287781,4.281082194714902
14817.580037019983,3.8419968414108085
14837.618241162154,3.073597473128647
14857.656445304325,3.2931401497806934
14877.694649446496,3.4029114881067164
14897.732853588666,2.414969443172508
14917.771057730837,2.6345121198245547
14937.80926187301,1.975884089868416
14957.84746601518,1.8661127515423928
14977.885670157351,1.4270273982383004
14997.923874299522,1.3172560599122773
15017.962078441693,1.6465700748903467
15038.000282583864,0.7683993682821617
15058.038486726036,0.5488566916301155
15078.076690868207,0.6586280299561387
15098.114895010378,0.43908535330409243
15118.153099152549,0.21954267665204621
15138.19130329472,0.43908535330409243
15158.22950743689,0.32931401497806934
15178.267711579061,0.0
15198.305915721234,0.21954267665204621
15218.344119863405,0.10977133832602311
15238.382324005575,0.32931401497806934
15258.420528147746,0.0
15278.458732289917,0.10977133832602311
15298.496936432088,0.0
15318.53514057426,0.0
15338.573344716431,0.0
15358.611548858602,0.0
15378.649753000773,0.10977133832602311
15398.687957142944,0.0
15418.726161285114,0.10977133832602311
15438.764365427285,0.10977133832602311
15458.802569569458,0.0
15478.840773711629,0.0
15498.8789778538,0.43908535330409243
15518.91718199597,0.10977133832602311
15538.955386138141,0.10977133832602311
15558.993590280312,0.10977133832602311
15579.031794422484,0.10977133832602311
15599.069998564655,0.0
15619.108202706826,0.10977133832602311
15639.146406848997,0.0
15659.184610991168,0.32931401497806934
15679.222815133338,0.32931401497806934
15699.26101927551,0.0
15719.299223417682,0.10977133832602311
15739.337427559853,0.43908535330409243
15759.375631702023,0.0
15779.413835844194,0.21954267665204621
15799.452039986365,0.10977133832602311
15819.490244128536,0.0
15839.528448270708,0.0
15859.56665241288,0.0
15879.60485655505,0.0
15899.64306069722,0.0
15919.681264839392,0.0
15939.719468981562,0.0
15959.757673123735,0.10977133832602311
15979.795877265906,0.10977133832602311
15999.834081408077,0.10977133832602311
16019.872285550247,0.0
16039.910489692418,0.0
16059.948693834589,0.0
16079.98689797676,0.32931401497806934
16100.025102118932,0.10977133832602311
16120.063306261103,0.0
16140.101510403274,0.0
16160.139714545445,0.21954267665204621
16180.177918687616,0.10977133832602311
16200.216122829786,0.0
16220.254326971959,0.0
16240.29253111413,0.21954267665204621
16260.3307352563,0.10977133832602311
16280.368939398471,0.0
16300.407143540642,0.10977133832602311
16320.445347682813,0.43908535330409243
16340.483551824986,0.10977133832602311
16360.521755967156,0.10977133832602311
16380.559960109327,0.10977133832602311
16400.598164251496,0.0
16420.63636839367,0.0
16440.67457253584,0.10977133832602311
16460.71277667801,0.10977133832602311
16480.750980820183,0.10977133832602311
16500.789184962352,0.0
16520.827389104525,0.32931401497806934
16540.865593246697,0.0
16560.903797388866,0.21954267665204621
16580.94200153104,0.0
16600.980205673208,0.21954267665204621
16621.01840981538,0.32931401497806934
16641.05661395755,0.0
16661.094818099722,0.0
16681.133022241895,0.32931401497806934
16701.171226384064,0.10977133832602311
16721.209430526236,0.0
16741.247634668405,0.21954267665204621
16761.285838810578,0.0
16781.324042952747,0.43908535330409243
16801.36224709492,0.10977133832602311
16821.400451237092,0.21954267665204621
16841.43865537926,0.21954267665204621
16861.476859521434,0.10977133832602311
16881.515063663603,0.21954267665204621
16901.553267805775,0.10977133832602311
16921.591471947948,0.10977133832602311
16941.629676090117,0.32931401497806934
16961.66788023229,0.10977133832602311
16981.70608437446,0.21954267665204621
17001.74428851663,0.5488566916301155
17021.7824926588,0.21954267665204621
17041.820696800973,0.32931401497806934
17061.858900943145,0.21954267665204621
17081.897105085314,0.32931401497806934
17101.935309227487,0.10977133832602311
17121.973513369656,0.10977133832602311
17142.01171751183,0.43908535330409243
17162.049921653997,0.0
17182.08812579617,0.10977133832602311
17202.126329938343,0.21954267665204621
17222.16453408051,0.21954267665204621
17242.202738222684,0.10977133832602311
17262.240942364853,0.0
17282.279146507026,0.43908535330409243
17302.3173506492,0.43908535330409243
17322.355554791367,0.0
17342.39375893354,0.32931401497806934
17362.43196307571,0.10977133832602311
17382.47016721788,0.43908535330409243
17402.50837136005,0.5488566916301155
17422.546575502223,0.0
17442.584779644396,0.10977133832602311
17462.622983786565,0.21954267665204621
17482.661187928737,0.21954267665204621
17502.699392070906,0.32931401497806934
17522.73759621308,0.10977133832602311
17542.775800355248,0.21954267665204621
17562.81400449742,0.10977133832602311
17582.852208639593,0.0
17602.890412781762,0.43908535330409243
17622.928616923935,0.0
17642.966821066104,0.10977133832602311
17663.005025208276,0.10977133832602311
17683.043229350445,0.32931401497806934
17703.081433492618,0.10977133832602311
17723.11963763479,0.43908535330409243
17743.15784177696,0.32931401497806934
17763.196045919132,0.32931401497806934
17783.2342500613,0.10977133832602311
17803.272454203474,0.10977133832602311
17823.310658345647,0.10977133832602311
17843.348862487815,0.10977133832602311
17863.387066629988,0.21954267665204621
17883.425270772157,0.21954267665204621
17903.46347491433,0.5488566916301155
17923.5016790565,0.32931401497806934
17943.53988319867,0.21954267665204621
17963.578087340844,0.21954267665204621
17983.616291483013,0.21954267665204621
18003.654495625186,0.43908535330409243
18023.692699767354,0.32931401497806934
18043.730903909527,0.32931401497806934
18063.769108051696,0.10977133832602311
18083.80731219387,0.32931401497806934
18103.84551633604,0.43908535330409243
18123.88372047821,0.10977133832602311
18143.921924620383,0.21954267665204621
18163.960128762552,0.6586280299561387
18183.998332904725,0.10977133832602311
18204.036537046897,0.21954267665204621
18224.074741189066,0.5488566916301155
18244.11294533124,0.0
18264.151149473408,0.21954267665204621
18284.18935361558,0.0
18304.22755775775,0.21954267665204621
18324.265761899922,0.21954267665204621
18344.303966042095,0.5488566916301155
18364.342170184264,0.43908535330409243
18384.380374326436,0.43908535330409243
18404.418578468605,0.10977133832602311
18424.456782610778,0.32931401497806934
18444.494986752947,0.10977133832602311
18464.53319089512,0.5488566916301155
18484.571395037292,0.21954267665204621
18504.60959917946,0.21954267665204621
18524.647803321634,0.43908535330409243
18544.686007463803,0.10977133832602311
18564.724211605975,0.32931401497806934
18584.762415748144,0.5488566916301155
18604.800619890317,0.6586280299561387
18624.83882403249,0.6586280299561387
18644.87702817466,0.0
18664.91523231683,0.21954267665204621
18684.953436459,0.5488566916301155
18704.991640601173,0.43908535330409243
18725.029844743345,0.21954267665204621
18745.068048885514,0.21954267665204621
18765.106253027687,0.43908535330409243
18785.144457169856,0.0
18805.18266131203,0.32931401497806934
18825.220865454197,0.43908535330409243
18845.25906959637,0.32931401497806934
18865.297273738543,0.43908535330409243
18885.33547788071,0.43908535330409243
18905.373682022884,0.43908535330409243
18925.411886165053,0.21954267665204621
18945.450090307226,0.21954267665204621
18965.488294449395,0.10977133832602311
18985.526498591567,0.32931401497806934
19005.56470273374,0.5488566916301155
19025.60290687591,0.21954267665204621
19045.64111101808,0.6586280299561387
19065.67931516025,0.21954267665204621
19085.717519302423,0.10977133832602311
19105.755723444596,0.21954267665204621
19125.793927586765,0.21954267665204621
19145.832131728937,0.21954267665204621
19165.870335871106,0.43908535330409243
19185.90854001328,0.43908535330409243
19205.946744155448,0.5488566916301155
19225.98494829762,0.32931401497806934
19246.023152439793,0.10977133832602311
19266.061356581962,0.10977133832602311
19286.099560724135,0.32931401497806934
19306.137764866304,0.32931401497806934
19326.175969008476,0.10977133832602311
19346.214173150645,0.32931401497806934
19366.252377292818,0.21954267665204621
19386.29058143499,0.5488566916301155
19406.32878557716,0.21954267665204621
19426.366989719332,0.5488566916301155
19446.4051938615,0.0
19466.443398003674,0.5488566916301155
19486.481602145846,0.6586280299561387
19506.519806288015,0.32931401497806934
19526.558010430188,0.43908535330409243
19546.596214572357,0.10977133832602311
19566.63441871453,0.21954267665204621
19586.6726228567,0.32931401497806934
19606.71082699887,0.21954267665204621
19626.749031141044,0.0
19646.787235283213,0.5488566916301155
19666.825439425385,0.32931401497806934
19686.863643567554,0.6586280299561387
19706.901847709727,0.43908535330409243
19726.940051851896,0.10977133832602311
19746.97825599407,0.0
19767.01646013624,0.10977133832602311
19787.05466427841,0.6586280299561387
19807.092868420583,0.21954267665204621
19827.13107256275,0.21954267665204621
19847.169276704924,0.43908535330409243
19867.207480847097,0.5488566916301155
19887.245684989266,0.21954267665204621
19907.28388913144,0.21954267665204621
19927.322093273608,0.32931401497806934
19947.36029741578,0.21954267665204621
19967.39850155795,0.32931401497806934
19987.436705700122,0.7683993682821617
20007.474909842294,0.43908535330409243
20027.513113984463,0.6586280299561387
20047.551318126636,0.43908535330409243
20067.589522268805,0.32931401497806934
20087.627726410978,0.32931401497806934
20107.665930553147,0.32931401497806934
20127.70413469532,0.10977133832602311
20147.742338837492,0.32931401497806934
20167.78054297966,0.5488566916301155
20187.818747121833,0.6586280299561387
20207.856951264002,0.32931401497806934
20227.895155406175,0.10977133832602311
20247.933359548344,0.21954267665204621
20267.971563690517,0.7683993682821617
20288.00976783269,0.5488566916301155
20308.04797197486,0.5488566916301155
20328.08617611703,0.21954267665204621
20348.1243802592,0.21954267665204621
20368.162584401372,0.21954267665204621
20388.200788543545,0.5488566916301155
20408.238992685714,0.21954267665204621
20428.277196827887,0.5488566916301155
20448.315400970056,0.43908535330409243
20468.35360511223,0.5488566916301155
20488.391809254397,0.6586280299561387
20508.43001339657,0.32931401497806934
20528.468217538742,0.43908535330409243
20548.50642168091,0.43908535330409243
20568.544625823084,0.32931401497806934
20588.582829965253,0.43908535330409243
20608.621034107426,0.21954267665204621
20628.659238249595,0.8781707066081849
20648.697442391767,0.21954267665204621
20668.73564653394,0.21954267665204621
20688.77385067611,0.43908535330409243
20708.81205481828,0.32931401497806934
20728.85025896045,0.43908535330409243
20748.888463102623,0.21954267665204621
20768.926667244796,0.10977133832602311
20788.964871386965,0.5488566916301155
20809.003075529137,0.43908535330409243
20829.041279671306,0.32931401497806934
20849.07948381348,0.8781707066081849
20869.117687955648,0.5488566916301155
20889.15589209782,0.10977133832602311
20909.194096239993,1.097713383260231
20929.232300382162,0.21954267665204621
20949.270504524335,0.5488566916301155
20969.308708666504,0.6586280299561387
20989.346912808676,0.5488566916301155
21009.385116950845,0.43908535330409243
21029.423321093018,0.32931401497806934
21049.46152523519,0.21954267665204621
21069.49972937736,0.5488566916301155
21089.537933519532,0.32931401497806934
21109.5761376617,0.43908535330409243
21129.614341803874,0.5488566916301155
21149.652545946043,0.21954267665204621
21169.690750088215,0.43908535330409243
21189.728954230388,0.32931401497806934
21209.767158372557,0.7683993682821617
21229.80536251473,0.10977133832602311
21249.8435666569,0.7683993682821617
21269.88177079907,0.21954267665204621
21289.919974941244,0.21954267665204621
21309.958179083413,0.5488566916301155
21329.996383225585,0.32931401497806934
21350.034587367754,0.43908535330409243
21370.072791509927,0.21954267665204621
21390.110995652096,0.43908535330409243
21410.14919979427,0.5488566916301155
21430.18740393644,0.5488566916301155
21450.22560807861,0.43908535330409243
21470.263812220783,0.32931401497806934
21490.30201636295,0.43908535330409243
21510.340220505124,0.43908535330409243
21530.378424647293,0.43908535330409243
21550.416628789466,0.10977133832602311
21570.45483293164,0.43908535330409243
21590.493037073807,0.32931401497806934
21610.53124121598,0.43908535330409243
21630.56944535815,0.10977133832602311
21650.60764950032,0.7683993682821617
21670.645853642494,0.7683993682821617
21690.684057784663,0.43908535330409243
21710.722261926836,0.5488566916301155
21730.760466069005,0.21954267665204621
21750.798670211178,0.43908535330409243
21770.836874353347,0.21954267665204621
21790.87507849552,0.10977133832602311
21810.91328263769,0.10977133832602311
21830.95148677986,0.43908535330409243
21850.989690922033,0.7683993682821617
21871.027895064202,0.21954267665204621
21891.066099206375,0.21954267665204621
21911.104303348544,0.6586280299561387
21931.142507490717,0.32931401497806934
21951.18071163289,0.32931401497806934
21971.218915775058,0.43908535330409243
21991.25711991723,0.10977133832602311
22011.2953240594,0.43908535330409243
22031.333528201572,0.43908535330409243
22051.371732343745,0.5488566916301155
22071.409936485914,0.43908535330409243
22091.448140628087,0.5488566916301155
22111.486344770256,0.21954267665204621
22131.524548912428,0.6586280299561387
22151.562753054597,0.10977133832602311
22171.60095719677,0.5488566916301155
22191.639161338942,0.32931401497806934
22211.67736548111,0.10977133832602311
22231.715569623284,0.10977133832602311
22251.753773765453,0.43908535330409243
22271.791977907626,0.10977133832602311
22291.830182049795,0.10977133832602311
22311.868386191967,0.32931401497806934
22331.90659033414,0.5488566916301155
22351.94479447631,0.5488566916301155
22371.98299861848,0.21954267665204621
22392.02120276065,0.43908535330409243
22412.059406902823,0.21954267665204621
22432.097611044996,0.32931401497806934
22452.135815187165,0.6586280299561387
22472.174019329337,0.21954267665204621
22492.212223471506,0.32931401497806934
22512.25042761368,0.5488566916301155
22532.288631755848,0.6586280299561387
22552.32683589802,0.5488566916301155
22572.365040040193,0.21954267665204621
22592.403244182362,0.32931401497806934
22612.441448324535,0.32931401497806934
22632.479652466704,0.21954267665204621
22652.517856608876,0.10977133832602311
22672.556060751045,0.32931401497806934
22692.594264893218,0.32931401497806934
22712.63246903539,0.0
22732.67067317756,0.32931401497806934
22752.708877319732,0.43908535330409243
22772.7470814619,0.21954267665204621
22792.785285604074,0.10977133832602311
22812.823489746243,0.32931401497806934
22832.861693888415,0.10977133832602311
22852.899898030588,0.10977133832602311
22872.938102172757,0.32931401497806934
22892.97630631493,0.0
22913.0145104571,0.43908535330409243
22933.05271459927,0.32931401497806934
22953.090918741444,0.43908535330409243
22973.129122883613,0.21954267665204621
22993.167327025785,0.5488566916301155
23013.205531167954,0.21954267665204621
23033.243735310127,0.43908535330409243
23053.281939452296,0.10977133832602311
23073.32014359447,0.32931401497806934
23093.35834773664,0.32931401497806934
23113.39655187881,0.10977133832602311
23133.434756020983,0.10977133832602311
23153.47296016315,0.43908535330409243
23173.511164305324,0.0
23193.549368447493,0.21954267665204621
23213.587572589666,0.21954267665204621
23233.62577673184,0.32931401497806934
23253.663980874007,0.10977133832602311
23273.70218501618,0.21954267665204621
23293.74038915835,0.10977133832602311
23313.77859330052,0.21954267665204621
23333.816797442694,0.10977133832602311
23353.855001584863,0.43908535330409243
23373.893205727036,0.6586280299561387
23393.931409869205,0.21954267665204621
23413.969614011377,0.21954267665204621
23434.007818153546,0.10977133832602311
23454.04602229572,0.43908535330409243
23474.08422643789,0.0
23494.12243058006,0.21954267665204621
23514.160634722233,0.0
23534.198838864402,0.10977133832602311
23554.237043006575,0.21954267665204621
23574.275247148744,0.10977133832602311
23594.313451290916,0.32931401497806934
23614.35165543309,0.0
23634.389859575258,0.32931401497806934
23654.42806371743,0.10977133832602311
23674.4662678596,0.21954267665204621
23694.504472001772,0.21954267665204621
23714.54267614394,0.10977133832602311
23734.580880286114,0.32931401497806934
23754.619084428286,0.43908535330409243
23774.657288570455,0.21954267665204621
23794.695492712628,0.32931401497806934
23814.733696854797,0.21954267665204621
23834.77190099697,0.0
23854.810105139142,0.21954267665204621
23874.84830928131,0.0
23894.886513423484,0.21954267665204621
23914.924717565653,0.43908535330409243
23934.962921707825,0.32931401497806934
23955.001125849994,0.32931401497806934
23975.039329992167,0.21954267665204621
23995.07753413434,0.21954267665204621
24015.11573827651,0.10977133832602311
24035.15394241868,0.21954267665204621
24055.19214656085,0.0
24075.230350703023,0.21954267665204621
24095.268554845192,0.21954267665204621
24115.306758987364,0.43908535330409243
24135.344963129537,0.32931401497806934
24155.383167271706,0.21954267665204621
24175.42137141388,0.0
24195.459575556048,0.0
24215.49777969822,0.32931401497806934
24235.535983840393,0.10977133832602311
24255.574187982562,0.10977133832602311
24275.612392124734,0.32931401497806934
24295.650596266903,0.21954267665204621
24315.688800409076,0.43908535330409243
24335.727004551245,0.43908535330409243
24355.765208693418,0.21954267665204621
24375.80341283559,0.32931401497806934
24395.84161697776,0.32931401497806934
24415.879821119932,0.10977133832602311
24435.9180252621,0.10977133832602311
24455.956229404273,0.21954267665204621
24475.994433546442,0.10977133832602311
24496.032637688615,0.0
24516.070841830788,0.10977133832602311
24536.109045972957,0.21954267665204621
24556.14725011513,0.21954267665204621
24576.1854542573,0.21954267665204621
24596.22365839947,0.0
24616.261862541643,0.10977133832602311
24636.300066683812,0.0
24656.338270825985,0.10977133832602311
24676.376474968154,0.21954267665204621
24696.414679110327,0.32931401497806934
24716.452883252496,0.10977133832602311
24736.49108739467,0.10977133832602311
24756.52929153684,0.0
24776.56749567901,0.0
24796.605699821182,0.21954267665204621
24816.64390396335,0.0
24836.682108105524,0.0
24856.720312247693,0.10977133832602311
24876.758516389866,0.0
24896.79672053204,0.0
24916.834924674207,0.0
24936.87312881638,0.10977133832602311
24956.91133295855,0.21954267665204621
24976.94953710072,0.10977133832602311
24996.987741242894,0.21954267665204621
25017.025945385063,0.0
25037.064149527236,0.10977133832602311
25057.102353669405,0.10977133832602311
25077.140557811577,0.10977133832602311
25097.178761953746,0.10977133832602311
25117.21696609592,0.21954267665204621
25137.25517023809,0.0
25157.29337438026,0.32931401497806934
25177.331578522433,0.10977133832602311
25197.369782664602,0.0
25217.407986806775,0.10977133832602311
25237.446190948944,0.0
25257.484395091116,0.0
25277.52259923329,0.10977133832602311
25297.560803375458,0.10977133832602311
25317.59900751763,0.0
25337.6372116598,0.0
25357.675415801972,0.10977133832602311
25377.71361994414,0.10977133832602311
25397.751824086314,0.0
25417.790028228486,0.0
25437.828232370655,0.32931401497806934
25457.866436512828,0.10977133832602311
25477.904640654997,0.0
25497.94284479717,0.32931401497806934
25517.981048939342,0.0
25538.01925308151,0.0
25558.057457223684,0.0
25578.095661365853,0.10977133832602311
25598.133865508025,0.10977133832602311
25618.172069650194,0.0
25638.210273792367,0.0
25658.24847793454,0.0
25678.28668207671,0.0
25698.32488621888,0.0
25718.36309036105,0.0
25738.401294503223,0.0
25758.43949864539,0.0
25778.477702787564,0.10977133832602311
25798.515906929737,0.0
25818.554111071906,0.21954267665204621
25838.59231521408,0.0
25858.630519356248,0.0
25878.66872349842,0.0
25898.706927640593,0.0
25918.74513178276,0.0
25938.783335924934,0.10977133832602311
25958.821540067103,0.10977133832602311
25978.859744209276,0.0
25998.897948351445,0.10977133832602311
26018.936152493618,0.10977133832602311
26038.97435663579,0.0
26059.01256077796,0.10977133832602311
26079.05076492013,0.0
26099.0889690623,0.0
26119.127173204473,0.0
26139.165377346642,0.10977133832602311
26159.203581488815,0.0
26179.241785630988,0.0
26199.279989773157,0.10977133832602311
26219.31819391533,0.10977133832602311
26239.356398057498,0.0
26259.39460219967,0.0
26279.43280634184,0.0
26299.471010484012,0.0
26319.509214626185,0.0
26339.547418768354,0.10977133832602311
26359.585622910527,0.10977133832602311
26379.623827052696,0.0
26399.662031194868,0.10977133832602311
26419.70023533704,0.0
26439.73843947921,0.10977133832602311
26459.776643621382,0.0
26479.81484776355,0.0
26499.853051905724,0.0
26519.891256047893,0.10977133832602311
26539.929460190066,0.0
26559.96766433224,0.0
26580.005868474407,0.0
26600.04407261658,0.10977133832602311
26620.08227675875,0.0
26640.12048090092,0.0
26660.15868504309,0.0
26680.196889185263,0.0
26700.235093327436,0.10977133832602311
26720.273297469605,0.0
26740.311501611777,0.10977133832602311
26760.349705753946,0.0
26780.38790989612,0.0
26800.42611403829,0.0
26820.46431818046,0.10977133832602311
26840.502522322633,0.0
26860.540726464802,0.10977133832602311
26880.578930606975,0.0
26900.617134749144,0.0
26920.655338891316,0.10977133832602311
26940.69354303349,0.0
26960.731747175658,0.0
26980.76995131783,0.10977133832602311
27000.80815546,0.0
27020.846359602172,0.0
27040.88456374434,0.0
27060.922767886514,0.0
27080.960972028686,0.0
27100.999176170855,0.0
27121.037380313028,0.0
27141.075584455197,0.0
27161.11378859737,0.0
27181.151992739542,0.0
27201.19019688171,0.0
27221.228401023884,0.0
27241.266605166053,0.0
27261.304809308225,0.10977133832602311
27281.343013450394,0.0
27301.381217592567,0.0
27321.41942173474,0.0
27341.45762587691,0.0
27361.49583001908,0.0
27381.53403416125,0.0
27401.572238303423,0.0
27421.61044244559,0.0
27441.648646587764,0.0
27461.686850729937,0.0
27481.725054872106,0.0
27501.76325901428,0.0
27521.801463156447,0.0
27541.83966729862,0.0
27561.877871440793,0.0
27581.91607558296,0.0
27601.954279725134,0.0
27621.992483867303,0.0
27642.030688009476,0.0
27662.068892151645,0.0
27682.107096293817,0.0
27702.14530043599,0.0
27722.18350457816,0.0
27742.22170872033,0.0
27762.2599128625,0.0
27782.298117004673,0.0
27802.336321146842,0.0
27822.374525289015,0.0
27842.412729431187,0.0
27862.450933573356,0.0
27882.48913771553,0.0
27902.527341857698,0.0
27922.56554599987,0.0
27942.60375014204,0.0
27962.641954284212,0.0
27982.680158426385,0.0
28002.718362568554,0.0
28022.756566710726,0.0
28042.794770852895,0.0
28062.832974995068,0.0
28082.87117913724,0.0
28102.90938327941,0.0
28122.947587421582,0.0
28142.98579156375,0.0
28163.023995705924,0.0
28183.062199848093,0.0
28203.100403990265,0.0
28223.138608132438,0.0
28243.176812274607,0.0
28263.21501641678,0.0
28283.25322055895,0.0
28303.29142470112,0.0
28323.32962884329,0.0
28343.367832985463,0.0
28363.406037127635,0.0
28383.444241269804,0.0
28403.482445411977,0.0
28423.520649554146,0.0
28443.55885369632,0.0
28463.59705783849,0.0
28483.63526198066,0.0
28503.673466122833,0.0
28523.711670265002,0.0
28543.749874407175,0.0
28563.788078549343,0.0
28583.826282691516,0.0
28603.86448683369,0.0
28623.902690975858,0.0
28643.94089511803,0.0
28663.9790992602,0.0
28684.017303402372,0.0
28704.05550754454,0.0
28724.093711686714,0.0
28744.131915828886,0.0
28764.170119971055,0.0
28784.208324113228,0.0
28804.246528255397,0.0
28824.28473239757,0.0
28844.32293653974,0.0
28864.36114068191,0.0
28884.399344824084,0.0
28904.437548966253,0.0
28924.475753108425,0.0
28944.513957250594,0.0
28964.552161392767,0.0
28984.59036553494,0.0
29004.62856967711,0.0
29024.66677381928,0.0
29044.70497796145,0.0
29064.743182103623,0.0
29084.78138624579,0.0
29104.819590387964,0.0
29124.857794530137,0.0
29144.895998672306,0.0
29164.93420281448,0.0
29184.972406956647,0.0
29205.01061109882,0.0
29225.04881524099,0.10977133832602311
29245.08701938316,0.0
29265.125223525334,0.0
29285.163427667503,0.0
29305.201631809676,0.0
29325.239835951845,0.0
29345.278040094017,0.0
29365.31624423619,0.0
29385.35444837836,0.0
29405.39265252053,0.0
29425.4308566627,0.0
29445.469060804873,0.0
29465.507264947042,0.0
29485.545469089215,0.0
29505.583673231387,0.0
29525.621877373556,0.0
29545.66008151573,0.0
29565.698285657898,0.0
29585.73648980007,0.0
29605.77469394224,0.0
29625.812898084412,0.0
29645.851102226585,0.0
29665.889306368754,0.0
29685.927510510926,0.0
29705.965714653095,0.0
29726.003918795268,0.0
29746.04212293744,0.0
29766.08032707961,0.0
29786.118531221782,0.0
29806.15673536395,0.0
29826.194939506124,0.0
29846.233143648293,0.0
29866.271347790465,0.0
29886.309551932638,0.0
29906.347756074807,0.0
29926.38596021698,0.0
29946.42416435915,0.0
29966.46236850132,0.0
29986.50057264349,0.0
30006.538776785663,0.0
30026.576980927835,0.0
30046.615185070004,0.0
30066.653389212177,0.0
30086.691593354346,0.0
30106.72979749652,0.0
30126.76800163869,0.0
30146.80620578086,0.0
30166.844409923033,0.0
30186.8826140652,0.0
30206.920818207374,0.0
30226.959022349543,0.0
30246.997226491716,0.0
30267.03543063389,0.0
30287.073634776058,0.0
30307.11183891823,0.0
30327.1500430604,0.0
30347.18824720257,0.0
30367.22645134474,0.0
30387.264655486913,0.0
30407.302859629086,0.0
30427.341063771255,0.0
30447.379267913428,0.0
30467.417472055597,0.0
30487.45567619777,0.0
30507.49388033994,0.0
30527.53208448211,0.0
30547.570288624283,0.0
30567.608492766452,0.0
30587.646696908625,0.0
30607.684901050794,0.0
30627.723105192967,0.0
30647.76130933514,0.0
30667.79951347731,0.0
30687.83771761948,0.0
30707.87592176165,0.0
30727.914125903822,0.0
30747.95233004599,0.0
30767.990534188164,0.0
30788.028738330337,0.0
30808.066942472506,0.0
30828.10514661468,0.0
30848.143350756847,0.0
30868.18155489902,0.0
30888.21975904119,0.0
30908.25796318336,0.0
30928.296167325534,0.0
30948.334371467703,0.0
30968.372575609876,0.0
30988.410779752045,0.0
31008.448983894217,0.0
31028.48718803639,0.0
31048.52539217856,0.0
31068.56359632073,0.0
31088.6018004629,0.0
31108.640004605073,0.0
31128.678208747242,0.0
31148.716412889415,0.0
31168.754617031587,0.0
31188.792821173756,0.0
31208.83102531593,0.0
31228.869229458098,0.0
31248.90743360027,0.0
31268.94563774244,0.0
31288.983841884612,0.0
31309.022046026785,0.0
31329.060250168954,0.0
31349.098454311126,0.0
31369.136658453295,0.0
31389.174862595468,0.0
31409.213066737637,0.0
31429.25127087981,0.0
31449.289475021982,0.0
31469.32767916415,0.0
31489.365883306324,0.0
31509.404087448493,0.0
31529.442291590665,0.0
31549.480495732838,0.0
31569.518699875007,0.0
31589.55690401718,0.0
31609.59510815935,0.0
31629.63331230152,0.0
31649.67151644369,0.0
31669.709720585863,0.0
31689.747924728035,0.0
31709.786128870204,0.0
31729.824333012377,0.0
31749.862537154546,0.0
31769.90074129672,0.0
31789.938945438887,0.0
31809.97714958106,0.0
31830.015353723233,0.0
31850.0535578654,0.0
31870.091762007574,0.0
31890.129966149743,0.0
31910.168170291916,0.0
31930.20637443409,0.0
31950.244578576257,0.0
31970.28278271843,0.0
31990.3209868606,0.0
32010.35919100277,0.0
32030.39739514494,0.0
32050.435599287113,0.0
32070.473803429286,0.0
32090.512007571455,0.0
32110.550211713628,0.0
32130.588415855796,0.0
32150.62661999797,0.0
32170.664824140138,0.0
32190.70302828231,0.0
32210.741232424483,0.0
32230.779436566652,0.0
32250.817640708825,0.0
32270.855844850994,0.0
32290.894048993167,0.0
32310.93225313534,0.0
32330.970457277508,0.0
32351.00866141968,0.0
32371.04686556185,0.0
32391.085069704022,0.0
32411.12327384619,0.0
32431.161477988364,0.0
32451.199682130537,0.0
32471.237886272706,0.0
32491.276090414878,0.0
32511.314294557047,0.0
32531.35249869922,0.0
32551.39070284139,0.0
32571.42890698356,0.0
32591.467111125734,0.0
32611.505315267903,0.0
32631.543519410076,0.0
32651.581723552245,0.0
32671.619927694417,0.0
32691.65813183659,0.0
32711.69633597876,0.0
32731.73454012093,0.0
32751.7727442631,0.0
32771.81094840527,0.0
32791.84915254744,0.0
32811.88735668961,0.0
32831.92556083178,0.0
32851.96376497395,0.0
32872.00196911612,0.0
32892.0401732583,0.0
32912.07837740047,0.0
32932.116581542636,0.0
32952.15478568481,0.0
32972.19298982698,0.0
32992.23119396915,0.0
33012.26939811132,0.0
33032.307602253495,0.0
33052.345806395664,0.0
33072.38401053783,0.0
33092.42221468001,0.0
33112.46041882218,0.0
33132.49862296435,0.0
33152.536827106516,0.0
33172.57503124869,0.0
33192.61323539086,0.0
33212.65143953303,0.0
33232.68964367521,0.0
33252.727847817376,0.0
33272.766051959545,0.0
33292.804256101714,0.0
33312.84246024389,0.0
33332.88066438606,0.0
33352.91886852823,0.0
33372.957072670404,0.0
33392.99527681257,0.0
33413.03348095474,0.0
33433.07168509691,0.0
33453.10988923909,0.0
33473.148093381256,0.0
33493.186297523425,0.0
33513.2245016656,0.0
33533.26270580777,0.0
33553.30090994994,0.0
33573.33911409211,0.0
33593.377318234285,0.0
33613.415522376454,0.0
33633.45372651862,0.0
33653.4919306608,0.0
33673.53013480297,0.0
33693.56833894514,0.0
33713.606543087306,0.0
33733.64474722948,0.0
33753.68295137165,0.0
33773.72115551382,0.0
33793.759359656,0.0
33813.797563798165,0.0
33833.835767940334,0.0
33853.87397208251,0.0
33873.91217622468,0.0
33893.95038036685,0.10977133832602311
33913.98858450902,0.0
33934.026788651194,0.0
33954.06499279336,0.0
33974.10319693553,0.0
33994.14140107771,0.0
34014.17960521988,0.0
34034.217809362046,0.0
34054.256013504215,0.0
34074.29421764639,0.0
34094.33242178856,0.0
34114.37062593073,0.0
34134.408830072905,0.0
34154.447034215074,0.0
34174.48523835724,0.0
34194.52344249941,0.0
34214.56164664159,0.0
34234.59985078376,0.0
34254.63805492593,0.0
34274.6762590681,0.0
34294.71446321027,0.0
34314.75266735244,0.0
34334.79087149461,0.0
34354.829075636786,0.0
34374.867279778955,0.0
34394.905483921124,0.0
34414.9436880633,0.0
34434.98189220547,0.0
34455.02009634764,0.0
34475.05830048981,0.0
34495.09650463198,0.0
34515.13470877415,0.0
34535.17291291632,0.0
34555.2111170585,0.0
34575.24932120067,0.0
34595.287525342836,0.0
34615.32572948501,0.0
34635.36393362718,0.0
34655.40213776935,0.0
34675.44034191152,0.0
34695.478546053695,0.0
34715.516750195864,0.0
34735.55495433803,0.0
34755.59315848021,0.0
34775.63136262238,0.0
34795.66956676455,0.0
34815.707770906716,0.0
34835.74597504889,0.0
34855.78417919106,0.0
34875.82238333323,0.0
34895.86058747541,0.0
34915.898791617576,0.0
34935.936995759745,0.0
34955.97519990191,0.0
34976.01340404409,0.0
34996.05160818626,0.0
35016.08981232843,0.0
35036.128016470604,0.0
35056.16622061277,0.0
35076.20442475494,0.0
35096.24262889711,0.0
35116.28083303929,0.0
35136.319037181456,0.0
35156.357241323625,0.0
35176.3954454658,0.0
35196.43364960797,0.0
35216.47185375014,0.0
35236.51005789231,0.0
35256.548262034485,0.0
35276.58646617665,0.0
35296.62467031882,0.0
35316.662874461,0.0
35336.70107860317,0.0
35356.73928274534,0.0
35376.777486887506,0.0
35396.81569102968,0.0
35416.85389517185,0.0
35436.89209931402,0.0
35456.930303456196,0.0
35476.968507598365,0.0
35497.006711740534,0.0
35517.04491588271,0.0
35537.08312002488,0.0
35557.12132416705,0.0
35577.15952830922,0.0
35597.197732451394,0.0
35617.23593659356,0.0
35637.27414073573,0.0
35657.31234487791,0.0
35677.35054902008,0.0
35697.388753162246,0.0
35717.426957304415,0.0
35737.46516144659,0.0
35757.50336558876,0.0
35777.54156973093,0.0
35797.579773873105,0.0
35817.617978015274,0.0
35837.65618215744,0.0
35857.69438629961,0.0
35877.73259044179,0.0
35897.77079458396,0.0
35917.80899872613,0.10977133832602311
35937.8472028683,0.0
35957.88540701047,0.0
35977.92361115264,0.0
35997.96181529481,0.0
36018.000019436986,0.0
36038.038223579155,0.0
36058.076427721324,0.0
36078.1146318635,0.0
36098.15283600567,0.0
36118.19104014784,0.0
36138.22924429001,0.0
36158.26744843218,0.0
36178.30565257435,0.0
36198.34385671652,0.0
36218.3820608587,0.0
36238.42026500087,0.0
36258.458469143035,0.0
36278.496673285204,0.0
36298.53487742738,0.0
36318.57308156955,0.0
36338.61128571172,0.0
36358.649489853895,0.0
36378.687693996064,0.0
36398.72589813823,0.0
36418.76410228041,0.0
36438.80230642258,0.0
36458.84051056475,0.0
36478.878714706916,0.0
36498.91691884909,0.0
36518.95512299126,0.0
36538.99332713343,0.0
36559.03153127561,0.0
36579.069735417776,0.0
36599.107939559944,0.0
36619.14614370211,0.0
36639.18434784429,0.0
36659.22255198646,0.0
36679.26075612863,0.0
36699.298960270804,0.0
36719.33716441297,0.0
36739.37536855514,0.0
36759.41357269731,0.0
36779.45177683949,0.0
36799.489980981656,0.0
36819.528185123825,0.0
36839.566389266,0.0
36859.60459340817,0.0
36879.64279755034,0.0
36899.68100169251,0.0
36919.719205834685,0.0
36939.75740997685,0.0
36959.79561411902,0.0
36979.8338182612,0.0
36999.87202240337,0.0
37019.91022654554,0.0
37039.948430687706,0.0
37059.98663482988,0.0
37080.02483897205,0.0
37100.06304311422,0.0
37120.101247256396,0.0
37140.139451398565,0.0
37160.177655540734,0.0
37180.2158596829,0.0
37200.25406382508,0.0
37220.29226796725,0.0
37240.33047210942,0.0
37260.36867625159,0.0
37280.40688039376,0.0
37300.44508453593,0.0
37320.48328867811,0.0
37340.52149282028,0.0
37360.559696962446,0.0
37380.597901104615,0.0
37400.63610524679,0.0
37420.67430938896,0.0
37440.71251353113,0.0
37460.750717673305,0.0
37480.788921815474,0.0
37500.82712595764,0.0
37520.86533009981,0.0
37540.90353424199,0.0
37560.94173838416,0.0
37580.979942526326,0.0
37601.0181466685,0.0
37621.05635081067,0.0
37641.09455495284,0.0
37661.13275909501,0.0
37681.170963237186,0.0
37701.209167379355,0.0
37721.247371521524,0.0
37741.2855756637,0.0
37761.32377980587,0.0
37781.36198394804,0.0
37801.40018809021,0.0
37821.43839223238,0.0
37841.47659637455,0.0
37861.51480051672,0.0
37881.5530046589,0.0
37901.59120880107,0.0
37921.629412943235,0.0
37941.667617085404,0.0
37961.70582122758,0.0
37981.74402536975,0.0
38001.78222951192,0.0
38021.820433654095,0.0
38041.858637796264,0.0
38061.89684193843,0.0
38081.93504608061,0.0
38101.97325022278,0.0
38122.01145436495,0.0
38142.049658507116,0.0
38162.08786264929,0.0
38182.12606679146,0.0
38202.16427093363,0.0
38222.20247507581,0.0
38242.240679217975,0.0
38262.278883360144,0.0
38282.31708750231,0.0
38302.35529164449,0.0
38322.39349578666,0.0
38342.43169992883,0.0
38362.469904071004,0.0
38382.50810821317,0.0
38402.54631235534,0.0
38422.58451649751,0.0
38442.62272063969,0.0
38462.660924781856,0.0
38482.699128924025,0.0
38502.7373330662,0.0
38522.77553720837,0.0
38542.81374135054,0.0
38562.85194549271,0.0
38582.890149634884,0.0
38602.92835377705,0.0
38622.96655791922,0.0
38643.0047620614,0.0
38663.04296620357,0.0
38683.08117034574,0.0
38703.119374487906,0.0
38723.15757863008,0.0
38743.19578277225,0.0
38763.23398691442,0.0
38783.272191056596,0.0
38803.310395198765,0.0
38823.348599340934,0.0
38843.3868034831,0.0
38863.42500762528,0.0
38883.46321176745,0.0
38903.50141590962,0.0
38923.53962005179,0.0
38943.57782419396,0.0
38963.61602833613,0.0
38983.65423247831,0.0
39003.69243662048,0.0
39023.730640762646,0.0
39043.768844904815,0.0
39063.80704904699,0.0
39083.84525318916,0.0
39103.88345733133,0.0
39123.921661473505,0.0
39143.959865615674,0.0
39163.99806975784,0.0
39184.03627390001,0.0
39204.07447804219,0.0
39224.11268218436,0.0
39244.150886326526,0.0
39264.1890904687,0.0
39284.22729461087,0.0
39304.26549875304,0.0
39324.30370289521,0.0
39344.341907037386,0.0
39364.380111179555,0.0
39384.418315321724,0.0
39404.4565194639,0.0
39424.49472360607,0.0
39444.53292774824,0.0
39464.57113189041,0.0
39484.60933603258,0.0
39504.64754017475,0.0
39524.68574431692,0.0
39544.7239484591,0.0
39564.762152601266,0.0
39584.800356743435,0.0
39604.838560885604,0.0
39624.87676502778,0.0
39644.91496916995,0.0
39664.95317331212,0.0
39684.991377454295,0.0
39705.029581596464,0.0
39725.06778573863,0.0
39745.10598988081,0.0
39765.14419402298,0.0
39785.18239816515,0.0
39805.220602307316,0.0
39825.25880644949,0.0
39845.29701059166,0.0
39865.33521473383,0.0
39885.373418876006,0.0
39905.411623018175,0.0
39925.449827160344,0.0
39945.48803130251,0.0
39965.52623544469,0.0
39985.56443958686,0.0
40005.60264372903,0.0
40025.640847871204,0.0
40045.67905201337,0.0
40065.71725615554,0.0
40085.75546029771,0.0
40105.79366443989,0.0
40125.831868582056,0.0
40145.870072724225,0.0
40165.9082768664,0.0
40185.94648100857,0.0
40205.98468515074,0.0
40226.02288929291,0.0
40246.061093435084,0.0
40266.09929757725,0.0
40286.13750171942,0.0
40306.1757058616,0.0
40326.21391000377,0.0
40346.25211414594,0.0
40366.290318288105,0.0
40386.32852243028,0.0
40406.36672657245,0.0
40426.40493071462,0.0
40446.443134856796,0.0
40466.481338998965,0.0
40486.519543141134,0.0
40506.5577472833,0.0
40526.59595142548,0.0
40546.63415556765,0.0
40566.67235970982,0.0
40586.71056385199,0.0
40606.74876799416,0.0
40626.78697213633,0.0
40646.82517627851,0.0
40666.86338042068,0.0
40686.901584562846,0.0
40706.939788705015,0.0
40726.97799284719,0.0
40747.01619698936,0.0
40767.05440113153,0.0
40787.092605273705,0.0
40807.130809415874,0.0
40827.16901355804,0.0
40847.20721770021,0.0
40867.24542184239,0.0
40887.28362598456,0.0
40907.321830126726,0.0
40927.3600342689,0.0
40947.39823841107,0.0
40967.43644255324,0.0
40987.47464669541,0.0
41007.512850837586,0.0
