Energy (keV),Intensity (CPS)
-11.079406562659374,0.0
8.959887301442903,0.0
28.99918116554518,0.0
49.03847502964746,0.0
69.07776889374973,0.0
89.11706275785201,0.0
109.15635662195429,0.0
129.19565048605656,0.0
149.23494435015883,0.0
169.2742382142611,0.0
189.31353207836338,0.0
209.35282594246567,0.0
229.39211980656793,0.0
249.4314136706702,0.0
269.47070753477254,0.0
289.5100013988748,0.0
309.54929526297707,2.052107622063421
329.58858912707933,2.4625291464761054
349.6278829911816,1.2312645732380527
369.6671768552839,2.8729506708887897
389.7064707193862,4.514636768539527
409.74576458348844,4.514636768539527
429.78505844759076,6.156322866190264
449.824352311693,9.439695061491738
469.8636461757953,11.081381159142476
489.90294003989754,12.723067256793213
509.9422339039998,13.954331830031265
529.9815277681021,21.752340793872264
550.0208216322044,14.775174878856633
570.0601154963066,19.28981164739616
590.0994093604089,21.752340793872264
610.1387032245111,20.110654696221527
630.1779970886134,19.28981164739616
650.2172909527158,27.90866366006253
670.256584816818,21.34191926945958
690.2958786809203,18.879390122983477
710.3351725450225,22.573183842697635
730.3744664091248,26.266977562411792
750.4137602732271,23.394026891523
770.4530541373293,28.729506708887897
790.4923480014317,26.677399086824476
810.531641865534,35.70667262390353
830.5709357296362,28.729506708887897
850.6102295937385,32.01287890418937
870.6495234578408,28.319085184475213
890.688817321943,27.08782061123716
910.7281111860453,29.550349757713267
930.7674050501475,31.602457379776688
950.8066989142499,28.319085184475213
970.8459927783522,24.214869940348372
990.8852866424544,30.371192806538634
1010.9245805065567,29.550349757713267
1030.963874370659,32.01287890418937
1051.0031682347612,32.423300428602055
1071.0424620988636,27.08782061123716
1091.0817559629659,28.729506708887897
1111.1210498270682,21.752340793872264
1131.1603436911703,39.40046634361769
1151.1996375552726,27.90866366006253
1171.238931419375,27.08782061123716
1191.2782252834772,23.394026891523
1211.3175191475796,32.01287890418937
1231.3568130116817,29.139928233300584
1251.396106875784,23.394026891523
1271.4354007398863,24.625291464761055
1291.4746946039886,25.85655603799911
1311.513988468091,25.85655603799911
1331.553282332193,22.983605367110318
1351.5925761962953,22.573183842697635
1371.6318700603977,28.729506708887897
1391.6711639245,27.90866366006253
1411.7104577886023,19.28981164739616
1431.7497516527044,29.139928233300584
1451.7890455168067,32.83372195301474
1471.828339380909,28.319085184475213
1491.8676332450113,26.677399086824476
1511.9069271091137,24.214869940348372
1531.946220973216,25.446134513586426
1551.985514837318,23.80444841593569
1572.0248087014204,25.03571298917374
1592.0641025655227,22.573183842697635
1612.103396429625,26.266977562411792
1632.1426902937274,23.80444841593569
1652.1819841578294,25.03571298917374
1672.2212780219318,16.006439452094686
1692.260571886034,15.185596403269317
1712.2998657501364,17.23770402533274
1732.3391596142387,23.394026891523
1752.378453478341,16.827282500920056
1772.4177473424431,19.28981164739616
1792.4570412065455,18.879390122983477
1812.4963350706478,22.16276231828495
1832.53562893475,20.110654696221527
1852.5749227988524,15.185596403269317
1872.6142166629545,20.521076220634214
1892.6535105270568,16.006439452094686
1912.6928043911591,26.677399086824476
1932.7320982552615,19.28981164739616
1952.7713921193638,19.700233171808843
1972.8106859834659,27.08782061123716
1992.8499798475682,22.573183842697635
2012.8892737116705,19.700233171808843
2032.9285675757728,20.931497745046897
2052.9678614398754,20.110654696221527
2073.0071553039775,21.752340793872264
2093.04644916808,16.827282500920056
2113.085743032182,18.058547074158106
2133.125036896284,19.28981164739616
2153.1643307603867,19.28981164739616
2173.203624624489,17.648125549745423
2193.2429184885914,20.110654696221527
2213.2822123526935,14.364753354443948
2233.321506216796,15.596017927682002
2253.360800080898,13.954331830031265
2273.400093945,14.775174878856633
2293.4393878091028,21.752340793872264
2313.478681673205,19.28981164739616
2333.5179755373074,20.521076220634214
2353.5572694014095,12.312645732380528
2373.5965632655116,21.34191926945958
2393.635857129614,16.41686097650737
2413.675150993716,20.110654696221527
2433.7144448578188,11.491802683555159
2453.753738721921,12.723067256793213
2473.793032586023,14.775174878856633
2493.8323264501255,14.775174878856633
2513.8716203142276,13.54391030561858
2533.91091417833,12.723067256793213
2553.950208042432,16.006439452094686
2573.9895019065343,9.850116585904422
2594.028795770637,21.752340793872264
2614.068089634739,15.185596403269317
2634.1073834988415,18.468968598570793
2654.1466773629436,9.439695061491738
2674.1859712270457,13.954331830031265
2694.2252650911482,19.700233171808843
2714.2645589552503,13.954331830031265
2734.303852819353,13.54391030561858
2754.343146683455,11.902224207967844
2774.382440547557,12.312645732380528
2794.4217344116596,11.081381159142476
2814.4610282757617,11.081381159142476
2834.5003221398642,10.260538110317107
2854.5396160039663,10.67095963472979
2874.5789098680684,9.439695061491738
2894.618203732171,15.185596403269317
2914.657497596273,12.312645732380528
2934.6967914603756,12.723067256793213
2954.7360853244777,16.827282500920056
2974.7753791885802,15.185596403269317
2994.8146730526823,10.260538110317107
3014.8539669167844,12.723067256793213
3034.893260780887,11.081381159142476
3054.932554644989,9.439695061491738
3074.9718485090916,10.260538110317107
3095.0111423731937,8.61885201266637
3115.050436237296,10.67095963472979
3135.0897301013983,11.081381159142476
3155.1290239655004,15.185596403269317
3175.168317829603,8.61885201266637
3195.207611693705,9.439695061491738
3215.246905557807,11.491802683555159
3235.2861994219097,8.208430488253684
3255.325493286012,11.902224207967844
3275.3647871501144,7.798008963841001
3295.4040810142164,11.902224207967844
3315.4433748783185,6.977165915015632
3335.482668742421,9.439695061491738
3355.521962606523,10.67095963472979
3375.5612564706257,9.439695061491738
3395.600550334728,9.439695061491738
3415.63984419883,8.208430488253684
3435.6791380629325,10.260538110317107
3455.7184319270345,6.566744390602948
3475.757725791137,6.566744390602948
3495.797019655239,8.61885201266637
3515.8363135193417,8.208430488253684
3535.875607383444,6.566744390602948
3555.914901247546,7.798008963841001
3575.9541951116485,6.156322866190264
3595.9934889757506,6.156322866190264
3616.032782839853,5.335479817364895
3636.072076703955,5.335479817364895
3656.1113705680573,3.283372195301474
3676.15066443216,10.260538110317107
3696.189958296262,6.156322866190264
3716.2292521603645,4.514636768539527
3736.2685460244666,7.387587439428317
3756.3078398885687,8.61885201266637
3776.347133752671,5.335479817364895
3796.3864276167733,4.104215244126842
3816.425721480876,3.6937937197141584
3836.465015344978,7.387587439428317
3856.50430920908,4.514636768539527
3876.5436030731826,5.7459013417775795
3896.5828969372847,5.335479817364895
3916.622190801387,3.283372195301474
3936.6614846654893,3.6937937197141584
3956.7007785295914,5.335479817364895
3976.740072393694,4.925058292952211
3996.779366257796,2.052107622063421
4016.8186601218986,5.335479817364895
4036.8579539860007,2.052107622063421
4056.8972478501028,3.283372195301474
4076.9365417142053,4.514636768539527
4096.975835578307,2.4625291464761054
4117.0151294424095,2.8729506708887897
4137.054423306512,2.8729506708887897
4157.093717170614,2.052107622063421
4177.133011034716,5.335479817364895
4197.172304898819,4.104215244126842
4217.21159876292,2.8729506708887897
4237.250892627023,2.4625291464761054
4257.2901864911255,3.6937937197141584
4277.329480355227,2.8729506708887897
4297.36877421933,4.514636768539527
4317.408068083432,3.283372195301474
4337.447361947535,2.8729506708887897
4357.486655811636,2.4625291464761054
4377.525949675739,3.6937937197141584
4397.5652435398415,2.8729506708887897
4417.604537403943,4.104215244126842
4437.643831268046,2.052107622063421
4457.683125132148,2.8729506708887897
4477.722418996251,2.052107622063421
4497.761712860352,2.8729506708887897
4517.801006724455,3.283372195301474
4537.8403005885575,3.6937937197141584
4557.879594452659,2.4625291464761054
4577.918888316762,3.6937937197141584
4597.958182180864,3.283372195301474
4617.997476044966,3.283372195301474
4638.036769909068,0.8208430488253685
4658.076063773171,3.283372195301474
4678.1153576372735,2.052107622063421
4698.154651501375,2.4625291464761054
4718.193945365478,1.2312645732380527
4738.23323922958,2.052107622063421
4758.272533093682,0.8208430488253685
4778.311826957784,0.41042152441268426
4798.351120821887,0.0
4818.390414685989,2.8729506708887897
4838.429708550091,3.6937937197141584
4858.469002414194,0.8208430488253685
4878.508296278296,2.052107622063421
4898.547590142398,4.104215244126842
4918.5868840065,2.8729506708887897
4938.626177870603,1.641686097650737
4958.665471734705,0.8208430488253685
4978.704765598807,0.8208430488253685
4998.74405946291,2.052107622063421
5018.783353327011,0.8208430488253685
5038.822647191114,0.8208430488253685
5058.861941055216,1.641686097650737
5078.901234919319,2.4625291464761054
5098.940528783421,0.41042152441268426
5118.979822647523,0.8208430488253685
5139.019116511626,3.283372195301474
5159.058410375727,2.052107622063421
5179.09770423983,1.641686097650737
5199.1369981039325,0.41042152441268426
5219.176291968035,2.052107622063421
5239.215585832137,1.641686097650737
5259.254879696239,4.104215244126842
5279.294173560342,2.4625291464761054
5299.333467424443,2.052107622063421
5319.372761288546,0.8208430488253685
5339.4120551526485,2.4625291464761054
5359.45134901675,3.6937937197141584
5379.490642880853,4.104215244126842
5399.529936744955,2.8729506708887897
5419.569230609058,4.925058292952211
5439.608524473159,4.104215244126842
5459.647818337262,2.8729506708887897
5479.6871122013645,3.283372195301474
5499.726406065466,2.052107622063421
5519.765699929569,0.41042152441268426
5539.804993793671,0.8208430488253685
5559.844287657773,1.641686097650737
5579.883581521875,1.2312645732380527
5599.922875385978,1.641686097650737
5619.9621692500805,2.8729506708887897
5640.001463114182,1.2312645732380527
5660.040756978285,0.0
5680.080050842387,1.2312645732380527
5700.119344706489,1.2312645732380527
5720.158638570591,2.052107622063421
5740.197932434694,1.2312645732380527
5760.237226298796,1.2312645732380527
5780.276520162898,1.641686097650737
5800.315814027001,1.2312645732380527
5820.355107891103,0.8208430488253685
5840.394401755205,1.2312645732380527
5860.433695619307,2.4625291464761054
5880.47298948341,2.4625291464761054
5900.512283347512,1.641686097650737
5920.551577211614,0.8208430488253685
5940.590871075717,2.052107622063421
5960.630164939819,3.283372195301474
5980.669458803921,2.4625291464761054
6000.708752668023,1.2312645732380527
6020.748046532126,2.4625291464761054
6040.787340396228,2.052107622063421
6060.82663426033,0.8208430488253685
6080.865928124433,0.41042152441268426
6100.905221988534,1.641686097650737
6120.944515852637,2.052107622063421
6140.983809716739,1.2312645732380527
6161.023103580842,1.641686097650737
6181.062397444944,1.2312645732380527
6201.101691309046,0.41042152441268426
6221.140985173149,1.2312645732380527
6241.18027903725,1.641686097650737
6261.219572901353,1.2312645732380527
6281.258866765455,2.8729506708887897
6301.298160629557,1.2312645732380527
6321.33745449366,3.283372195301474
6341.376748357762,5.7459013417775795
6361.416042221865,6.156322866190264
6381.455336085966,5.7459013417775795
6401.494629950069,7.798008963841001
6421.533923814171,7.798008963841001
6441.573217678273,6.977165915015632
6461.612511542376,3.6937937197141584
6481.651805406478,3.283372195301474
6501.691099270581,1.2312645732380527
6521.730393134682,0.8208430488253685
6541.769686998785,1.641686097650737
6561.808980862887,1.2312645732380527
6581.848274726989,1.2312645732380527
6601.887568591092,0.8208430488253685
6621.926862455194,1.2312645732380527
6641.966156319296,0.0
6662.005450183398,0.41042152441268426
6682.044744047501,0.41042152441268426
6702.084037911603,1.2312645732380527
6722.123331775705,1.2312645732380527
6742.162625639808,1.2312645732380527
6762.20191950391,1.641686097650737
6782.241213368012,0.8208430488253685
6802.280507232114,2.052107622063421
6822.319801096217,2.052107622063421
6842.3590949603185,2.4625291464761054
6862.398388824421,1.641686097650737
6882.437682688524,0.41042152441268426
6902.476976552626,2.4625291464761054
6922.516270416728,2.052107622063421
6942.55556428083,1.2312645732380527
6962.594858144933,1.641686097650737
6982.634152009035,1.2312645732380527
7002.673445873137,1.641686097650737
7022.71273973724,1.641686097650737
7042.752033601342,3.283372195301474
7062.791327465444,1.641686097650737
7082.830621329546,1.641686097650737
7102.869915193649,1.641686097650737
7122.909209057751,2.8729506708887897
7142.948502921853,0.8208430488253685
7162.987796785956,0.8208430488253685
7183.027090650057,0.8208430488253685
7203.06638451416,0.8208430488253685
7223.105678378262,1.2312645732380527
7243.144972242365,1.2312645732380527
7263.184266106467,1.2312645732380527
7283.223559970569,0.41042152441268426
7303.262853834672,0.41042152441268426
7323.302147698773,1.2312645732380527
7343.341441562876,0.8208430488253685
7363.380735426978,2.052107622063421
7383.42002929108,0.8208430488253685
7403.459323155183,2.8729506708887897
7423.498617019285,1.2312645732380527
7443.537910883388,1.641686097650737
7463.577204747489,2.052107622063421
7483.616498611592,2.052107622063421
7503.655792475694,0.8208430488253685
7523.695086339796,1.2312645732380527
7543.734380203899,3.283372195301474
7563.773674068001,0.8208430488253685
7583.812967932103,3.283372195301474
7603.852261796205,1.2312645732380527
7623.891555660308,2.4625291464761054
7643.93084952441,1.641686097650737
7663.970143388512,1.641686097650737
7684.009437252615,0.8208430488253685
7704.048731116717,1.2312645732380527
7724.088024980819,2.052107622063421
7744.127318844921,4.514636768539527
7764.166612709024,3.283372195301474
7784.205906573126,2.4625291464761054
7804.245200437228,2.4625291464761054
7824.284494301331,4.104215244126842
7844.323788165433,6.977165915015632
7864.363082029535,6.566744390602948
7884.402375893637,6.566744390602948
7904.44166975774,11.081381159142476
7924.4809636218415,15.596017927682002
7944.520257485944,28.319085184475213
7964.559551350047,33.24414347742742
7984.598845214149,47.60889683187138
8004.638139078251,61.56322866190264
8024.677432942353,68.54039457691827
8044.716726806456,78.39051116282269
8064.7560206705575,57.45901341777579
8084.79531453466,63.204914759553375
8104.834608398763,48.84016140510943
8124.873902262864,26.677399086824476
8144.913196126967,19.28981164739616
8164.952489991069,9.850116585904422
8184.991783855172,9.029273537079053
8205.031077719274,3.6937937197141584
8225.070371583375,3.6937937197141584
8245.109665447479,1.641686097650737
8265.14895931158,2.4625291464761054
8285.188253175684,3.283372195301474
8305.227547039785,4.514636768539527
8325.266840903887,1.641686097650737
8345.30613476799,5.335479817364895
8365.345428632092,3.6937937197141584
8385.384722496194,4.514636768539527
8405.424016360297,5.335479817364895
8425.463310224399,7.798008963841001
8445.5026040885,10.260538110317107
8465.541897952604,22.16276231828495
8485.581191816706,24.214869940348372
8505.620485680807,40.631730916855744
8525.65977954491,75.10713896752122
8545.699073409012,111.22423311583744
8565.738367273114,173.60830482656544
8585.777661137217,222.03804470726217
8605.816955001319,264.31146172176864
8625.856248865422,263.4906186729433
8645.895542729524,285.24295946681553
8665.934836593626,254.46134513586424
8685.97413045773,214.65045726783387
8706.01342432183,149.80385641062975
8726.052718185932,106.29917482288522
8746.092012050036,69.36123762574364
8766.131305914138,43.91510311215722
8786.17059977824,24.625291464761055
8806.209893642343,16.827282500920056
8826.249187506444,13.954331830031265
8846.288481370546,16.41686097650737
8866.32777523465,18.468968598570793
8886.367069098751,14.364753354443948
8906.406362962853,13.54391030561858
8926.445656826956,25.446134513586426
8946.484950691058,15.185596403269317
8966.524244555161,13.133488781205896
8986.563538419263,9.029273537079053
9006.602832283364,6.156322866190264
9026.642126147468,5.7459013417775795
9046.68142001157,3.283372195301474
9066.720713875671,4.104215244126842
9086.760007739775,3.283372195301474
9106.799301603876,1.2312645732380527
9126.838595467978,3.283372195301474
9146.877889332081,2.052107622063421
9166.917183196183,1.641686097650737
9186.956477060285,4.104215244126842
9206.995770924388,4.104215244126842
9227.03506478849,3.6937937197141584
9247.074358652591,2.4625291464761054
9267.113652516695,4.514636768539527
9287.152946380796,4.104215244126842
9307.192240244898,6.156322866190264
9327.231534109002,4.104215244126842
9347.270827973103,7.798008963841001
9367.310121837207,9.439695061491738
9387.349415701308,9.850116585904422
9407.38870956541,15.185596403269317
9427.428003429513,12.723067256793213
9447.467297293615,21.752340793872264
9467.506591157717,23.80444841593569
9487.54588502182,31.192035855364004
9507.585178885922,34.064986526252795
9527.624472750023,43.91510311215722
9547.663766614127,48.429739880696744
9567.703060478229,45.55678920980795
9587.74235434233,42.68383853891916
9607.781648206434,45.967210734220636
9627.820942070535,33.65456500184011
9647.860235934637,24.625291464761055
9667.89952979874,19.700233171808843
9687.938823662842,15.185596403269317
9707.978117526945,7.387587439428317
9728.017411391047,5.335479817364895
9748.056705255149,4.104215244126842
9768.095999119252,1.2312645732380527
9788.135292983354,0.8208430488253685
9808.174586847455,0.8208430488253685
9828.213880711559,1.2312645732380527
9848.25317457566,1.641686097650737
9868.292468439762,1.641686097650737
9888.331762303866,0.41042152441268426
9908.371056167967,1.641686097650737
9928.410350032069,0.8208430488253685
9948.449643896172,1.2312645732380527
9968.488937760274,2.4625291464761054
9988.528231624376,0.41042152441268426
10008.567525488479,2.4625291464761054
10028.60681935258,1.641686097650737
10048.646113216682,3.283372195301474
10068.685407080786,0.8208430488253685
10088.724700944887,2.8729506708887897
10108.76399480899,2.052107622063421
10128.803288673093,1.641686097650737
10148.842582537194,1.2312645732380527
10168.881876401298,1.641686097650737
10188.9211702654,3.6937937197141584
10208.9604641295,2.8729506708887897
10228.999757993604,3.6937937197141584
10249.039051857706,4.104215244126842
10269.078345721808,4.104215244126842
10289.117639585911,1.2312645732380527
10309.156933450013,3.6937937197141584
10329.196227314114,0.41042152441268426
10349.235521178218,3.283372195301474
10369.27481504232,3.6937937197141584
10389.314108906421,2.052107622063421
10409.353402770525,2.4625291464761054
10429.392696634626,4.104215244126842
10449.43199049873,3.283372195301474
10469.471284362831,4.514636768539527
10489.510578226933,3.283372195301474
10509.549872091036,3.283372195301474
10529.589165955138,6.156322866190264
10549.62845981924,6.977165915015632
10569.667753683343,8.61885201266637
10589.707047547445,11.902224207967844
10609.746341411546,14.775174878856633
10629.78563527565,20.931497745046897
10649.824929139751,29.550349757713267
10669.864223003853,40.631730916855744
10689.903516867957,53.765219698061635
10709.942810732058,79.21135421164806
10729.98210459616,101.374116529933
10750.021398460263,155.96017927682
10770.060692324365,169.0936680580259
10790.099986188467,217.52340793872267
10810.13928005257,239.27574873259493
10830.178573916672,247.4841792208486
10850.217867780775,261.43851105087987
10870.257161644877,243.37996397672177
10890.296455508978,203.97949763310407
10910.335749373082,173.60830482656544
10930.375043237183,120.25350665291649
10950.414337101285,80.03219726047342
10970.453630965389,46.37763225863332
10990.49292482949,39.40046634361769
11010.532218693592,22.983605367110318
11030.571512557695,15.185596403269317
11050.610806421797,12.312645732380528
11070.650100285899,8.61885201266637
11090.689394150002,4.514636768539527
11110.728688014104,5.335479817364895
11130.767981878205,5.335479817364895
11150.807275742309,6.977165915015632
11170.84656960641,6.156322866190264
11190.885863470514,4.514636768539527
11210.925157334616,4.925058292952211
11230.964451198717,5.335479817364895
11251.00374506282,6.156322866190264
11271.043038926922,3.283372195301474
11291.082332791024,6.566744390602948
11311.121626655127,4.925058292952211
11331.160920519229,7.798008963841001
11351.20021438333,5.335479817364895
11371.239508247434,3.283372195301474
11391.278802111536,6.977165915015632
11411.318095975637,3.6937937197141584
11431.35738983974,4.925058292952211
11451.396683703842,6.977165915015632
11471.435977567944,7.798008963841001
11491.475271432048,7.798008963841001
11511.51456529615,9.029273537079053
11531.55385916025,5.335479817364895
11551.593153024354,11.081381159142476
11571.632446888456,11.491802683555159
11591.67174075256,8.61885201266637
11611.711034616661,6.156322866190264
11631.750328480763,8.208430488253684
11651.789622344866,12.312645732380528
11671.828916208968,9.850116585904422
11691.86821007307,16.006439452094686
11711.907503937173,11.081381159142476
11731.946797801274,13.954331830031265
11751.986091665376,8.61885201266637
11772.02538552948,11.081381159142476
11792.064679393581,9.439695061491738
11812.103973257683,10.260538110317107
11832.143267121786,9.439695061491738
11852.182560985888,11.081381159142476
11872.22185484999,6.977165915015632
11892.261148714093,12.312645732380528
11912.300442578195,9.029273537079053
11932.339736442298,9.850116585904422
11952.3790303064,10.260538110317107
11972.418324170501,10.260538110317107
11992.457618034605,9.439695061491738
12012.496911898706,10.260538110317107
12032.536205762808,6.156322866190264
12052.575499626912,11.902224207967844
12072.614793491013,11.081381159142476
12092.654087355115,11.081381159142476
12112.693381219218,13.954331830031265
12132.73267508332,9.439695061491738
12152.771968947422,11.491802683555159
12172.811262811525,16.006439452094686
12192.850556675627,10.260538110317107
12212.889850539728,11.491802683555159
12232.929144403832,11.081381159142476
12252.968438267933,11.081381159142476
12273.007732132037,10.67095963472979
12293.047025996138,11.902224207967844
12313.08631986024,13.54391030561858
12333.125613724344,12.723067256793213
12353.164907588445,16.006439452094686
12373.204201452547,18.468968598570793
12393.24349531665,18.058547074158106
12413.282789180752,15.596017927682002
12433.322083044854,20.931497745046897
12453.361376908957,19.28981164739616
12473.400670773059,20.110654696221527
12493.43996463716,23.394026891523
12513.479258501264,22.983605367110318
12533.518552365365,21.752340793872264
12553.557846229467,22.983605367110318
12573.59714009357,30.371192806538634
12593.636433957672,27.90866366006253
12613.675727821774,29.96077128212595
12633.715021685877,35.70667262390353
12653.754315549979,31.602457379776688
12673.793609414082,37.34835872155427
12693.832903278184,36.527515672728896
12713.872197142286,35.296251099490846
12733.911491006389,37.34835872155427
12753.95078487049,28.729506708887897
12773.990078734592,29.139928233300584
12794.029372598696,34.47540805066548
12814.068666462797,40.221309392443054
12834.107960326899,52.533955124823585
12854.147254191003,49.661004453934794
12874.186548055104,78.39051116282269
12894.225841919206,125.1785649458687
12914.26513578331,145.69964116650291
12934.30442964741,189.61474427866014
12954.343723511513,219.57551556078607
12974.383017375616,251.99881598938813
12994.422311239718,267.18441239265746
13014.461605103821,300.4285558700849
13034.500898967923,277.85537202738726
13054.540192832024,268.4156769658955
13074.579486696128,235.99237653729344
13094.61878056023,190.84600885189818
13114.658074424331,148.16217031297901
13134.697368288435,125.58898647028138
13154.736662152536,83.3155694557749
13174.775956016638,80.03219726047342
13194.815249880741,64.43617933279143
13214.854543744843,48.429739880696744
13234.893837608945,48.01931835628406
13254.933131473048,45.967210734220636
13274.97242533715,50.07142597834748
13295.011719201251,45.55678920980795
13315.051013065355,41.862995490093795
13335.090306929456,40.221309392443054
13355.129600793558,32.01287890418937
13375.168894657661,40.221309392443054
13395.208188521763,39.40046634361769
13415.247482385867,41.45257396568111
13435.286776249968,36.937937197141586
13455.32607011407,28.729506708887897
13475.365363978173,31.602457379776688
13495.404657842275,32.423300428602055
13515.443951706377,28.729506708887897
13535.48324557048,35.296251099490846
13555.522539434582,32.83372195301474
13575.561833298683,30.371192806538634
13595.601127162787,26.677399086824476
13615.640421026888,25.446134513586426
13635.67971489099,34.064986526252795
13655.719008755093,29.550349757713267
13675.758302619195,33.24414347742742
13695.797596483297,32.423300428602055
13715.8368903474,29.139928233300584
13735.876184211502,33.24414347742742
13755.915478075605,38.990044819205
13775.954771939707,33.24414347742742
13795.994065803809,25.85655603799911
13816.033359667912,30.371192806538634
13836.072653532014,34.47540805066548
13856.111947396115,28.729506708887897
13876.151241260219,32.83372195301474
13896.19053512432,32.01287890418937
13916.229828988422,33.24414347742742
13936.269122852525,35.70667262390353
13956.308416716627,40.631730916855744
13976.347710580729,39.81088786803037
13996.387004444832,34.88582957507816
14016.426298308934,40.631730916855744
14036.465592173035,43.094260063331845
14056.504886037139,45.967210734220636
14076.54417990124,53.35479817364895
14096.583473765344,47.198475307458686
14116.622767629446,53.35479817364895
14136.662061493547,53.35479817364895
14156.70135535765,58.27985646660117
14176.740649221752,68.12997305250559
14196.779943085854,55.81732732012506
14216.819236949957,48.429739880696744
14236.85853081406,52.533955124823585
14256.89782467816,40.631730916855744
14276.937118542264,45.967210734220636
14296.976412406366,39.81088786803037
14317.015706270467,45.14636768539527
14337.055000134571,38.57962329479232
14357.094293998673,48.429739880696744
14377.133587862774,39.81088786803037
14397.172881726878,43.50468158774453
14417.21217559098,41.862995490093795
14437.251469455081,35.296251099490846
14457.290763319184,38.16920177037964
14477.330057183286,40.631730916855744
14497.36935104739,43.50468158774453
14517.408644911491,42.68383853891916
14537.447938775593,44.3255246365699
14557.487232639696,44.735946160982586
14577.526526503798,41.45257396568111
14597.5658203679,47.198475307458686
14617.605114232003,35.70667262390353
14637.644408096105,48.84016140510943
14657.683701960206,42.68383853891916
14677.72299582431,48.84016140510943
14697.762289688411,44.735946160982586
14717.801583552513,40.631730916855744
14737.840877416616,48.429739880696744
14757.880171280718,51.302690551585535
14777.91946514482,48.84016140510943
14797.958759008923,48.84016140510943
14817.998052873025,51.71311207599822
14838.037346737128,45.14636768539527
14858.07664060123,43.91510311215722
14878.115934465332,54.99648427129969
14898.155228329435,52.1235336004109
14918.194522193537,46.37763225863332
14938.233816057638,57.45901341777579
14958.273109921742,57.04859189336311
14978.312403785843,50.89226902717285
14998.351697649945,46.37763225863332
15018.390991514048,50.48184750276016
15038.43028537815,46.788053783046
15058.469579242252,51.71311207599822
15078.508873106355,48.01931835628406
15098.548166970457,57.869434942188484
15118.587460834558,61.56322866190264
15138.626754698662,68.12997305250559
15158.666048562764,86.18852012666369
15178.705342426865,80.8530403092988
15198.744636290969,89.47189232196517
15218.78393015507,89.47189232196517
15238.823224019174,93.576107566092
15258.862517883275,83.3155694557749
15278.901811747377,86.18852012666369
15298.94110561148,90.70315689520322
15318.980399475582,69.36123762574364
15339.019693339684,73.05503134545779
15359.058987203787,71.00292372339437
15379.098281067889,68.12997305250559
15399.13757493199,71.00292372339437
15419.176868796094,57.04859189336311
15439.216162660196,57.869434942188484
15459.255456524297,57.869434942188484
15479.2947503884,59.51112103983922
15499.334044252502,54.58606274688701
15519.373338116604,67.71955152809291
15539.412631980707,68.54039457691827
15559.451925844809,66.89870847926754
15579.491219708912,67.30913000368022
15599.530513573014,79.62177573606074
15619.569807437116,83.72599098018759
15639.60910130122,99.32200890786959
15659.64839516532,98.9115873834569
15679.687689029422,98.09074433463154
15699.726982893526,96.85947976139349
15719.766276757628,104.2470672008218
15739.80557062173,96.85947976139349
15759.844864485833,99.73243043228227
15779.884158349934,89.88231384637785
15799.923452214036,97.68032281021885
15819.96274607814,94.80737213933007
15840.002039942241,85.778098602251
15860.041333806343,81.67388335812417
15880.080627670446,77.15924658958464
15900.119921534548,80.44261878488611
15920.15921539865,83.72599098018759
15940.198509262753,66.07786543044216
15960.237803126854,68.12997305250559
15980.277096990958,65.66744390602948
16000.31639085506,74.69671744310854
16020.355684719161,64.02575780837874
16040.394978583265,66.48828695485484
16060.434272447366,71.41334524780706
16080.473566311468,59.51112103983922
16100.512860175571,68.54039457691827
16120.552154039673,82.90514793136222
16140.591447903775,65.66744390602948
16160.630741767878,68.54039457691827
16180.67003563198,66.07786543044216
16200.709329496081,75.5175604919339
16220.748623360185,62.38407171072801
16240.787917224287,73.05503134545779
16260.827211088388,73.87587439428317
16280.866504952492,64.43617933279143
16300.905798816593,73.05503134545779
16320.945092680697,73.05503134545779
16340.984386544798,81.67388335812417
16361.0236804089,63.61533628396606
16381.062974273003,88.6510492731398
16401.102268137107,83.72599098018759
16421.14156200121,80.8530403092988
16441.18085586531,84.54683402901296
16461.22014972941,70.59250219898169
16481.259443593517,68.12997305250559
16501.29873745762,72.23418829663242
16521.33803132172,78.80093268723537
16541.377325185822,85.778098602251
16561.416619049924,69.36123762574364
16581.45591291403,79.21135421164806
16601.49520677813,70.59250219898169
16621.534500642232,81.26346183371149
16641.573794506334,80.44261878488611
16661.613088370435,76.74882506517196
16681.652382234537,80.44261878488611
16701.691676098642,63.204914759553375
16721.730969962744,73.87587439428317
16741.770263826846,84.95725555342564
16761.809557690947,82.49472640694954
16781.84885155505,75.5175604919339
16801.88814541915,77.15924658958464
16821.927439283256,71.00292372339437
16841.966733147357,76.33840354075927
16862.00602701146,74.69671744310854
16882.04532087556,87.41978469990174
16902.084614739662,82.49472640694954
16922.123908603768,77.15924658958464
16942.16320246787,76.74882506517196
16962.20249633197,75.5175604919339
16982.241790196073,80.03219726047342
17002.281084060174,75.10713896752122
17022.320377924276,91.52399994402859
17042.35967178838,91.93442146844127
17062.398965652483,84.95725555342564
17082.438259516584,87.83020622431444
17102.477553380686,87.00936317548906
17122.516847244788,83.72599098018759
17142.55614110889,89.06147079755249
17162.595434972995,84.54683402901296
17182.634728837096,76.33840354075927
17202.674022701198,88.24062774872712
17222.7133165653,89.47189232196517
17242.7526104294,98.09074433463154
17262.791904293506,93.576107566092
17282.831198157608,105.06791024964717
17302.87049202171,115.73886988437697
17322.90978588581,119.02224207967843
17342.949079749913,129.28278018999555
17362.988373614015,137.08078915383655
17383.02766747812,142.41626897120145
17403.06696134222,129.69320171440822
17423.106255206323,141.18500439796338
17443.145549070425,155.13933622799465
17463.184842934526,149.80385641062975
17483.224136798628,147.34132726415365
17503.263430662733,160.06439452094685
17523.302724526835,137.08078915383655
17543.342018390937,141.59542592237608
17563.38131225504,133.79741695853508
17583.42060611914,114.91802683555159
17603.459899983245,123.94730037263065
17623.499193847347,111.63465464025012
17643.53848771145,125.1785649458687
17663.57778157555,97.26990128580617
17683.61707543965,104.2470672008218
17703.656369303753,103.83664567640912
17723.69566316786,97.26990128580617
17743.73495703196,113.27634073790085
17763.774250896062,114.91802683555159
17783.813544760163,104.65748872523449
17803.852838624265,113.27634073790085
17823.892132488367,106.7095963472979
17843.931426352472,100.14285195669495
17863.970720216574,105.47833177405985
17884.010014080675,113.27634073790085
17904.049307944777,107.12001787171059
17924.08860180888,112.86591921348817
17944.127895672984,105.47833177405985
17964.167189537086,123.94730037263065
17984.206483401187,109.5825470181867
18004.24577726529,126.40982951910675
18024.28507112939,119.43266360409112
18044.324364993492,125.58898647028138
18064.363658857597,116.97013445761502
18084.4029527217,115.32844835996427
18104.4422465858,120.66392817732917
18124.481540449902,116.55971293320233
18144.520834314004,126.40982951910675
18164.560128178106,148.98301336180438
18184.59942204221,133.38699543412238
18204.638715906312,130.10362323882092
18224.678009770414,144.87879811767755
18244.717303634516,136.67036762942385
18264.756597498617,131.33488781205895
18284.79589136272,137.90163220266192
18304.835185226824,156.78102232564538
18324.874479090926,141.18500439796338
18344.913772955028,156.3706008012327
18364.95306681913,152.26638555710585
18384.99236068323,171.556197204502
18405.031654547336,172.78746177774008
18425.070948411438,170.73535415567665
18445.11024227554,175.24999092421618
18465.14953613964,188.38347970542208
18485.188830003743,200.2857039133899
18505.228123867844,213.8296142190085
18525.26741773195,220.80678013402414
18545.30671159605,227.37352452462707
18565.346005460153,251.58839446497544
18585.385299324254,257.334295806753
18605.424593188356,274.1615783076731
18625.463887052458,304.9431926386244
18645.503180916563,302.0702419677356
18665.542474780665,325.05384733484595
18685.581768644766,316.4349953221796
18705.621062508868,356.24588319020995
18725.66035637297,350.08956032401966
18745.699650237075,390.3108697164627
18765.738944101176,392.36297733852615
18785.778237965278,423.55501319389015
18805.81753182938,418.21953337652525
18825.85682569348,438.74060959715945
18845.896119557583,446.5386185610005
18865.93541342169,452.2845199027781
18885.97470728579,455.15747057366684
18906.01400114989,452.6949414271907
18926.053295013993,465.41800868398394
18946.092588878095,458.851264293381
18966.131882742196,469.5222239281108
18986.1711766063,425.1966992915409
19006.210470470403,445.30735398776244
19026.249764334505,452.2845199027781
19046.289058198607,427.659228438017
19066.32835206271,418.62995490093795
19086.367645926814,430.5321791089058
19106.406939790915,402.21309392443055
19126.446233655017,371.43147959347925
19146.48552751912,397.28803563147835
19166.52482138322,363.6334706296382
19186.56411524732,348.8582957507816
19206.603409111427,291.39928233300583
19226.64270297553,288.11591013770436
19246.68199683963,282.78043032033946
19266.721290703732,254.87176666027693
19286.760584567834,250.3571298917374
19306.799878431935,237.63406263494417
19326.83917229604,233.11942586640467
19346.878466160142,226.9631030002144
19366.917760024244,222.03804470726217
19386.957053888345,202.33781153545334
19406.996347752447,182.6375783636445
19427.035641616552,185.92095055894598
19447.074935480654,186.33137208335864
19467.114229344756,163.758188240661
19487.153523208857,164.1686097650737
19507.19281707296,173.60830482656544
19527.23211093706,140.7745828735507
19547.271404801166,168.68324653361324
19567.310698665267,158.01228689888345
19587.34999252937,143.2371120200268
19607.38928639347,142.82669049561412
19627.428580257572,153.4976501303439
19647.467874121674,129.69320171440822
19667.50716798578,123.94730037263065
19687.54646184988,142.00584744678875
19707.585755713983,128.87235866558285
19727.625049578084,109.99296854259939
19747.664343442186,126.40982951910675
19767.703637306287,125.99940799469407
19787.742931170393,116.14929140878965
19807.782225034494,113.27634073790085
19827.821518898596,121.48477122615454
19847.860812762698,123.53687884821797
19867.9001066268,135.02868153177312
19887.939400490905,112.86591921348817
19907.978694355006,114.91802683555159
19928.017988219108,124.76814342145602
19948.05728208321,135.02868153177312
19968.09657594731,137.08078915383655
19988.135869811413,155.96017927682
20008.175163675518,164.57903128948638
20028.21445753962,164.1686097650737
20048.25375140372,187.5626366565967
20068.293045267823,203.1586545842787
20088.332339131925,198.2335962913265
20108.371632996026,194.950224096025
20128.41092686013,206.44202677958017
20148.450220724233,206.0316052551675
20168.489514588335,224.0901523293256
20188.528808452436,207.26286982840554
20208.568102316538,199.87528238897724
20228.607396180643,195.77106714485038
20248.646690044745,199.05443934015187
20268.685983908847,176.07083397304154
20288.725277772948,169.91451110685128
20308.76457163705,157.60186537447075
20328.80386550115,149.80385641062975
20348.843159365257,129.28278018999555
20368.88245322936,116.55971293320233
20388.92174709346,113.27634073790085
20408.96104095756,120.66392817732917
20429.000334821663,103.42622415199644
20449.039628685765,119.8430851285038
20469.07892254987,99.73243043228227
20489.118216413972,112.86591921348817
20509.157510278073,100.96369500552032
20529.196804142175,107.53043939612327
20549.236098006277,112.45549768907549
20569.275391870382,109.5825470181867
20589.314685734484,93.98652909050469
20609.353979598585,111.22423311583744
20629.393273462687,112.86591921348817
20649.43256732679,123.12645732380528
20669.47186119089,126.82025104351943
20689.511155054995,123.94730037263065
20709.550448919097,105.47833177405985
20729.5897427832,130.51404476323358
20749.6290366473,128.87235866558285
20769.668330511402,119.43266360409112
20789.707624375504,117.3805559820277
20809.74691823961,119.02224207967843
20829.78621210371,127.23067256793212
20849.825505967812,128.87235866558285
20869.864799831914,136.25994610501118
20889.904093696015,133.79741695853508
20909.94338756012,149.39343488621708
20929.982681424222,147.34132726415365
20950.021975288324,144.87879811767755
20970.061269152426,151.44554250828048
20990.100563016527,151.85596403269318
21010.13985688063,151.44554250828048
21030.179150744734,155.54975775240734
21050.218444608836,157.60186537447075
21070.257738472937,156.78102232564538
21090.29703233704,154.72891470358198
21110.33632620114,158.01228689888345
21130.375620065242,163.34776671624834
21150.414913929348,167.45198196037518
21170.45420779345,165.81029586272444
21190.49350165755,155.96017927682
21210.532795521653,160.06439452094685
21230.572089385754,166.6311389115498
21250.61138324986,152.67680708151855
21270.65067711396,162.11650214301028
21290.689970978063,159.24355147212148
21310.729264842164,145.28921964209022
21330.768558706266,154.31849317916928
21350.807852570368,172.37704025332738
21370.847146434473,163.34776671624834
21390.886440298575,148.5725918373917
21410.925734162676,157.60186537447075
21430.965028026778,153.08722860593122
21451.00432189088,154.31849317916928
21471.04361575498,135.84952458059848
21491.082909619086,139.54331830031265
21511.122203483188,133.79741695853508
21531.16149734729,139.13289677589995
21551.20079121139,116.14929140878965
21571.240085075493,128.46193714117018
21591.279378939595,123.94730037263065
21611.3186728037,129.69320171440822
21631.3579666678,133.38699543412238
21651.397260531903,128.46193714117018
21671.436554396005,107.53043939612327
21691.475848260106,120.25350665291649
21711.51514212421,112.0450761646628
21731.554435988313,119.43266360409112
21751.593729852415,118.61182055526575
21771.633023716517,111.22423311583744
21791.67231758062,106.7095963472979
21811.71161144472,107.94086092053595
21831.750905308825,110.40339006701207
21851.790199172927,106.29917482288522
21871.82949303703,109.5825470181867
21891.86878690113,98.50116585904422
21911.90808076523,106.29917482288522
21931.947374629333,102.60538110317107
21951.98666849344,99.73243043228227
21972.02596235754,93.98652909050469
21992.065256221642,91.52399994402859
22012.104550085744,100.14285195669495
22032.143843949845,92.75526451726664
22052.18313781395,98.9115873834569
22072.222431678052,91.93442146844127
22092.261725542154,87.41978469990174
22112.301019406255,101.374116529933
22132.340313270357,93.98652909050469
22152.37960713446,96.85947976139349
22172.418900998564,90.70315689520322
22192.458194862666,70.59250219898169
22212.497488726767,92.34484299285396
22232.53678259087,89.47189232196517
22252.57607645497,89.47189232196517
22272.615370319072,87.41978469990174
22292.654664183177,77.56966811399732
22312.69395804728,91.52399994402859
22332.73325191138,89.88231384637785
22352.772545775482,87.83020622431444
22372.811839639584,92.75526451726664
22392.85113350369,95.62821518815544
22412.89042736779,80.44261878488611
22432.929721231892,87.41978469990174
22452.969015095994,84.54683402901296
22473.008308960096,91.52399994402859
22493.047602824197,89.47189232196517
22513.086896688303,86.59894165107637
22533.126190552404,90.70315689520322
22553.165484416506,82.08430488253686
22573.204778280608,97.68032281021885
22593.24407214471,93.576107566092
22613.28336600881,95.62821518815544
22633.322659872916,99.32200890786959
22653.361953737018,110.81381159142475
22673.40124760112,102.19495957875839
22693.44054146522,121.48477122615454
22713.479835329323,104.2470672008218
22733.519129193428,111.22423311583744
22753.55842305753,97.68032281021885
22773.59771692163,101.7845380543457
22793.637010785733,101.374116529933
22813.676304649834,95.62821518815544
22833.715598513936,85.778098602251
22853.75489237804,96.85947976139349
22873.794186242143,93.576107566092
22893.833480106245,90.29273537079054
22913.872773970346,91.1135784196159
22933.912067834448,91.1135784196159
22953.95136169855,92.34484299285396
22973.990655562655,84.54683402901296
22994.029949426757,77.56966811399732
23014.069243290858,91.93442146844127
23034.10853715496,88.6510492731398
23054.14783101906,74.28629591869586
23074.187124883163,89.06147079755249
23094.22641874727,92.75526451726664
23114.26571261137,89.06147079755249
23134.30500647547,83.72599098018759
23154.344300339573,82.08430488253686
23174.383594203675,78.80093268723537
23194.42288806778,84.13641250460027
23214.46218193188,87.00936317548906
23234.501475795983,84.54683402901296
23254.540769660085,86.18852012666369
23274.580063524187,82.49472640694954
23294.61935738829,83.3155694557749
23314.658651252394,76.74882506517196
23334.697945116495,78.39051116282269
23354.737238980597,84.54683402901296
23374.7765328447,82.90514793136222
23394.8158267088,76.74882506517196
23414.8551205729,77.56966811399732
23434.894414437007,79.62177573606074
23454.93370830111,80.03219726047342
23474.97300216521,87.41978469990174
23495.012296029312,79.62177573606074
23515.051589893414,78.39051116282269
23535.09088375752,78.80093268723537
23555.13017762162,84.13641250460027
23575.169471485722,75.5175604919339
23595.208765349824,70.59250219898169
23615.248059213925,80.03219726047342
23635.287353078027,73.87587439428317
23655.326646942132,68.54039457691827
23675.365940806234,87.83020622431444
23695.405234670336,80.03219726047342
23715.444528534437,78.39051116282269
23735.48382239854,80.8530403092988
23755.52311626264,85.778098602251
23775.562410126746,87.41978469990174
23795.601703990847,80.44261878488611
23815.64099785495,83.3155694557749
23835.68029171905,74.69671744310854
23855.719585583152,73.05503134545779
23875.758879447258,76.74882506517196
23895.79817331136,80.44261878488611
23915.83746717546,73.87587439428317
23935.876761039563,70.59250219898169
23955.916054903664,73.05503134545779
23975.955348767766,77.56966811399732
23995.99464263187,69.77165915015632
24016.033936495973,78.80093268723537
24036.073230360074,75.10713896752122
24056.112524224176,69.77165915015632
24076.151818088278,77.15924658958464
24096.19111195238,76.33840354075927
24116.230405816485,79.62177573606074
24136.269699680586,84.54683402901296
24156.308993544688,76.33840354075927
24176.34828740879,77.56966811399732
24196.38758127289,77.98008963841
24216.426875136996,76.33840354075927
24236.466169001098,86.18852012666369
24256.5054628652,73.87587439428317
24276.5447567293,81.67388335812417
24296.584050593403,70.59250219898169
24316.623344457505,79.62177573606074
24336.66263832161,80.8530403092988
24356.70193218571,71.41334524780706
24376.741226049813,83.72599098018759
24396.780519913915,79.21135421164806
24416.819813778016,70.59250219898169
24436.859107642118,84.13641250460027
24456.898401506223,78.80093268723537
24476.937695370325,76.74882506517196
24496.976989234427,75.10713896752122
24517.01628309853,73.46545286987048
24537.05557696263,73.87587439428317
24557.094870826735,70.59250219898169
24577.134164690837,71.82376677221974
24597.17345855494,69.36123762574364
24617.21275241904,79.21135421164806
24637.25204628314,76.33840354075927
24657.291340147243,74.69671744310854
24677.33063401135,68.54039457691827
24697.36992787545,73.05503134545779
24717.409221739552,66.48828695485484
24737.448515603654,74.69671744310854
24757.487809467755,62.79449323514069
24777.527103331857,77.56966811399732
24797.566397195962,72.23418829663242
24817.605691060064,77.56966811399732
24837.644984924165,72.64460982104511
24857.684278788267,76.74882506517196
24877.72357265237,73.05503134545779
24897.76286651647,71.82376677221974
24917.802160380576,75.92798201634659
24937.841454244677,78.80093268723537
24957.88074810878,76.33840354075927
24977.92004197288,72.64460982104511
24997.959335836982,78.80093268723537
25017.998629701087,75.5175604919339
25038.03792356519,68.95081610133096
25058.07721742929,66.48828695485484
25078.116511293392,77.98008963841
25098.155805157494,67.30913000368022
25118.195099021596,75.10713896752122
25138.2343928857,80.03219726047342
25158.273686749802,70.18208067456901
25178.312980613904,71.41334524780706
25198.352274478006,83.72599098018759
25218.391568342107,80.03219726047342
25238.43086220621,78.39051116282269
25258.470156070314,68.95081610133096
25278.509449934416,72.64460982104511
25298.548743798518,82.49472640694954
25318.58803766262,70.59250219898169
25338.62733152672,75.10713896752122
25358.666625390826,78.80093268723537
25378.705919254928,65.66744390602948
25398.74521311903,67.71955152809291
25418.78450698313,81.26346183371149
25438.823800847233,66.89870847926754
25458.863094711334,69.77165915015632
25478.90238857544,76.74882506517196
25498.94168243954,70.18208067456901
25518.980976303643,71.82376677221974
25539.020270167744,75.10713896752122
25559.059564031846,70.59250219898169
25579.098857895948,68.54039457691827
25599.138151760053,57.04859189336311
25619.177445624155,66.48828695485484
25639.216739488256,78.39051116282269
25659.256033352358,61.56322866190264
25679.29532721646,64.84660085720411
25699.334621080565,48.429739880696744
25719.373914944666,69.77165915015632
25739.413208808768,66.48828695485484
25759.45250267287,67.30913000368022
25779.49179653697,69.77165915015632
25799.531090401073,68.54039457691827
25819.57038426518,69.77165915015632
25839.60967812928,64.84660085720411
25859.64897199338,63.61533628396606
25879.688265857483,69.77165915015632
25899.727559721585,76.74882506517196
25919.766853585686,65.25702238161679
25939.80614744979,57.869434942188484
25959.845441313893,71.41334524780706
25979.884735177995,65.25702238161679
25999.924029042097,64.43617933279143
26019.9633229062,61.973650186315325
26040.002616770304,67.30913000368022
26060.041910634405,64.84660085720411
26080.081204498507,64.43617933279143
26100.12049836261,64.02575780837874
26120.15979222671,63.61533628396606
26140.19908609081,58.27985646660117
26160.238379954917,80.44261878488611
26180.27767381902,63.61533628396606
26200.31696768312,75.10713896752122
26220.356261547222,68.54039457691827
26240.395555411324,68.12997305250559
26260.434849275425,65.25702238161679
26280.47414313953,72.23418829663242
26300.513437003632,67.30913000368022
26320.552730867734,68.54039457691827
26340.592024731835,61.15280713748995
26360.631318595937,62.38407171072801
26380.670612460042,59.100699515426534
26400.709906324144,66.89870847926754
26420.749200188246,55.81732732012506
26440.788494052347,73.05503134545779
26460.82778791645,61.56322866190264
26480.86708178055,63.61533628396606
26500.906375644656,62.79449323514069
26520.945669508757,67.30913000368022
26540.98496337286,52.1235336004109
26561.02425723696,63.61533628396606
26581.063551101062,54.17564122247432
26601.102844965164,64.84660085720411
26621.14213882927,62.79449323514069
26641.18143269337,67.71955152809291
26661.220726557473,59.9215425642519
26681.260020421574,68.12997305250559
26701.299314285676,59.51112103983922
26721.338608149777,59.100699515426534
26741.377902013883,60.331964088664584
26761.417195877984,64.84660085720411
26781.456489742086,61.56322866190264
26801.495783606188,62.38407171072801
26821.53507747029,60.331964088664584
26841.574371334395,57.869434942188484
26861.613665198496,61.973650186315325
26881.652959062598,60.331964088664584
26901.6922529267,60.331964088664584
26921.7315467908,60.331964088664584
26941.770840654903,49.25058292952211
26961.810134519008,60.331964088664584
26981.84942838311,52.533955124823585
27001.88872224721,56.22774884453774
27021.928016111313,59.100699515426534
27041.967309975415,60.74238561307727
27062.006603839516,64.02575780837874
27082.04589770362,50.89226902717285
27102.085191567723,59.100699515426534
27122.124485431825,63.61533628396606
27142.163779295926,50.48184750276016
27162.203073160028,59.100699515426534
27182.242367024133,55.81732732012506
27202.281660888235,65.25702238161679
27222.320954752337,61.56322866190264
27242.36024861644,59.100699515426534
27262.39954248054,46.37763225863332
27282.43883634464,57.869434942188484
27302.478130208747,54.99648427129969
27322.51742407285,53.765219698061635
27342.55671793695,61.56322866190264
27362.59601180105,52.1235336004109
27382.635305665153,52.94437664923627
27402.674599529255,57.869434942188484
27422.71389339336,56.22774884453774
27442.753187257462,56.22774884453774
27462.792481121563,50.48184750276016
27482.831774985665,63.204914759553375
27502.871068849767,58.27985646660117
27522.910362713872,63.204914759553375
27542.949656577974,48.84016140510943
27562.988950442075,54.58606274688701
27583.028244306177,59.100699515426534
27603.06753817028,50.89226902717285
27623.10683203438,51.71311207599822
27643.146125898485,59.51112103983922
27663.185419762587,50.48184750276016
27683.22471362669,60.74238561307727
27703.26400749079,53.35479817364895
27723.303301354892,64.43617933279143
27743.342595218994,52.94437664923627
27763.3818890831,59.51112103983922
27783.4211829472,54.99648427129969
27803.460476811302,54.58606274688701
27823.499770675404,57.869434942188484
27843.539064539505,61.973650186315325
27863.57835840361,57.45901341777579
27883.617652267712,46.788053783046
27903.656946131814,57.869434942188484
27923.696239995916,61.15280713748995
27943.735533860017,56.22774884453774
27963.77482772412,54.58606274688701
27983.814121588224,54.99648427129969
28003.853415452326,50.07142597834748
28023.892709316427,59.51112103983922
28043.93200318053,59.51112103983922
28063.97129704463,54.17564122247432
28084.010590908732,46.788053783046
28104.049884772838,55.406905795712376
28124.08917863694,47.198475307458686
28144.12847250104,43.50468158774453
28164.167766365143,58.69027799101385
28184.207060229244,49.661004453934794
28204.24635409335,58.69027799101385
28224.28564795745,51.302690551585535
28244.324941821553,49.661004453934794
28264.364235685654,60.331964088664584
28284.403529549756,48.429739880696744
28304.442823413858,54.58606274688701
28324.482117277963,49.25058292952211
28344.521411142065,45.55678920980795
28364.560705006166,54.99648427129969
28384.599998870268,39.40046634361769
28404.63929273437,56.638170368950426
28424.67858659847,54.17564122247432
28444.717880462576,50.07142597834748
28464.757174326678,57.04859189336311
28484.79646819078,45.14636768539527
28504.83576205488,50.48184750276016
28524.875055918983,48.01931835628406
28544.914349783085,45.55678920980795
28564.95364364719,48.01931835628406
28584.99293751129,48.84016140510943
28605.032231375393,52.1235336004109
28625.071525239495,45.14636768539527
28645.110819103596,54.17564122247432
28665.1501129677,51.71311207599822
28685.189406831803,51.302690551585535
28705.228700695905,49.25058292952211
28725.267994560007,51.71311207599822
28745.30728842411,48.84016140510943
28765.34658228821,59.51112103983922
28785.385876152315,50.07142597834748
28805.425170016417,53.765219698061635
28825.46446388052,45.55678920980795
28845.50375774462,46.788053783046
28865.54305160872,48.429739880696744
28885.582345472823,58.69027799101385
28905.62163933693,43.094260063331845
28925.66093320103,50.07142597834748
28945.700227065132,45.967210734220636
28965.739520929234,54.99648427129969
28985.778814793335,45.55678920980795
29005.81810865744,45.14636768539527
29025.857402521542,42.27341701450648
29045.896696385644,44.3255246365699
29065.935990249745,41.862995490093795
29085.975284113847,43.094260063331845
29106.01457797795,57.45901341777579
29126.053871842054,45.14636768539527
29146.093165706156,52.1235336004109
29166.132459570257,46.37763225863332
29186.17175343436,43.50468158774453
29206.21104729846,50.89226902717285
29226.250341162562,42.68383853891916
29246.289635026667,49.25058292952211
29266.32892889077,45.14636768539527
29286.36822275487,41.45257396568111
29306.407516618972,37.75878024596695
29326.446810483074,35.296251099490846
29346.48610434718,44.3255246365699
29366.52539821128,45.14636768539527
29386.564692075382,44.3255246365699
29406.603985939484,50.89226902717285
29426.643279803586,45.967210734220636
29446.682573667687,40.221309392443054
29466.721867531793,41.45257396568111
29486.761161395894,44.735946160982586
29506.800455259996,51.302690551585535
29526.839749124098,41.04215244126843
29546.8790429882,43.91510311215722
29566.9183368523,34.064986526252795
29586.957630716406,42.27341701450648
29606.996924580508,34.47540805066548
29627.03621844461,43.094260063331845
29647.07551230871,47.60889683187138
29667.114806172813,43.094260063331845
29687.154100036918,45.14636768539527
29707.19339390102,39.40046634361769
29727.23268776512,44.735946160982586
29747.271981629223,35.70667262390353
29767.311275493325,49.25058292952211
29787.350569357426,40.631730916855744
29807.38986322153,49.25058292952211
29827.429157085633,41.04215244126843
29847.468450949735,41.45257396568111
29867.507744813836,42.27341701450648
29887.547038677938,41.45257396568111
29907.58633254204,44.3255246365699
29927.625626406145,46.788053783046
29947.664920270247,44.735946160982586
29967.704214134348,41.45257396568111
29987.74350799845,37.34835872155427
30007.78280186255,39.40046634361769
30027.822095726653,36.937937197141586
30047.86138959076,38.16920177037964
30067.90068345486,39.81088786803037
30087.93997731896,43.91510311215722
30107.979271183063,37.34835872155427
30128.018565047165,34.064986526252795
30148.05785891127,38.16920177037964
30168.09715277537,42.27341701450648
30188.136446639473,38.990044819205
30208.175740503575,36.11709414831621
30228.215034367677,38.16920177037964
30248.25432823178,40.631730916855744
30268.293622095884,45.14636768539527
30288.332915959985,39.40046634361769
30308.372209824087,40.631730916855744
30328.41150368819,36.527515672728896
30348.45079755229,36.527515672728896
30368.49009141639,36.11709414831621
30388.529385280497,34.88582957507816
30408.5686791446,36.527515672728896
30428.6079730087,34.47540805066548
30448.647266872802,30.371192806538634
30468.686560736904,38.990044819205
30488.72585460101,32.83372195301474
30508.76514846511,29.96077128212595
30528.804442329212,32.83372195301474
30548.843736193314,38.16920177037964
30568.883030057415,38.990044819205
30588.922323921517,41.45257396568111
30608.961617785622,33.24414347742742
30629.000911649724,36.937937197141586
30649.040205513826,34.064986526252795
30669.079499377927,39.40046634361769
30689.11879324203,35.70667262390353
30709.15808710613,45.967210734220636
30729.197380970236,31.602457379776688
30749.236674834337,38.16920177037964
30769.27596869844,41.04215244126843
30789.31526256254,37.75878024596695
30809.354556426642,36.11709414831621
30829.393850290748,34.064986526252795
30849.43314415485,34.064986526252795
30869.47243801895,40.221309392443054
30889.511731883053,32.83372195301474
30909.551025747154,29.550349757713267
30929.590319611256,29.550349757713267
30949.62961347536,29.96077128212595
30969.668907339463,34.88582957507816
30989.708201203564,27.08782061123716
31009.747495067666,37.34835872155427
31029.786788931768,28.319085184475213
31049.82608279587,25.85655603799911
31069.865376659975,33.65456500184011
31089.904670524076,31.602457379776688
31109.943964388178,32.423300428602055
31129.98325825228,27.498242135649846
31150.02255211638,34.47540805066548
31170.061845980486,32.83372195301474
31190.101139844588,34.47540805066548
31210.14043370869,40.631730916855744
31230.17972757279,31.602457379776688
31250.219021436893,35.70667262390353
31270.258315300995,28.319085184475213
31290.2976091651,35.70667262390353
31310.3369030292,27.08782061123716
31330.376196893303,34.88582957507816
31350.415490757405,34.88582957507816
31370.454784621506,32.83372195301474
31390.494078485608,36.527515672728896
31410.533372349713,32.01287890418937
31430.572666213815,32.423300428602055
31450.611960077917,33.24414347742742
31470.65125394202,32.423300428602055
31490.69054780612,24.625291464761055
31510.729841670225,29.139928233300584
31530.769135534327,27.08782061123716
31550.80842939843,31.602457379776688
31570.84772326253,35.296251099490846
31590.88701712663,31.192035855364004
31610.926310990733,22.983605367110318
31630.96560485484,29.139928233300584
31651.00489871894,22.573183842697635
31671.044192583042,36.11709414831621
31691.083486447144,29.139928233300584
31711.122780311245,31.192035855364004
31731.162074175347,32.423300428602055
31751.201368039452,27.498242135649846
31771.240661903554,22.16276231828495
31791.279955767655,31.192035855364004
31811.319249631757,25.03571298917374
31831.35854349586,23.394026891523
31851.39783735996,25.446134513586426
31871.437131224066,33.24414347742742
31891.476425088167,26.266977562411792
31911.51571895227,30.371192806538634
31931.55501281637,30.371192806538634
31951.594306680472,23.394026891523
31971.633600544577,25.85655603799911
31991.67289440868,28.319085184475213
32011.71218827278,26.266977562411792
32031.751482136882,27.498242135649846
32051.790776000984,27.08782061123716
32071.830069865086,22.16276231828495
32091.86936372919,27.08782061123716
32111.908657593292,28.729506708887897
32131.947951457394,23.80444841593569
32151.987245321496,25.446134513586426
32172.026539185597,24.625291464761055
32192.0658330497,20.110654696221527
32212.105126913804,25.85655603799911
32232.144420777906,23.80444841593569
32252.183714642008,26.677399086824476
32272.22300850611,25.446134513586426
32292.26230237021,27.90866366006253
32312.301596234316,27.08782061123716
32332.340890098418,27.08782061123716
32352.38018396252,27.498242135649846
32372.41947782662,25.446134513586426
32392.458771690723,22.983605367110318
32412.498065554824,27.90866366006253
32432.53735941893,22.16276231828495
32452.57665328303,27.90866366006253
32472.615947147133,27.498242135649846
32492.655241011234,20.110654696221527
32512.694534875336,26.677399086824476
32532.733828739438,23.394026891523
32552.773122603543,30.78161433095132
32572.812416467645,25.85655603799911
32592.851710331746,20.110654696221527
32612.891004195848,21.752340793872264
32632.93029805995,25.03571298917374
32652.969591924055,22.16276231828495
32673.008885788156,23.80444841593569
32693.048179652258,21.34191926945958
32713.08747351636,23.394026891523
32733.12676738046,18.879390122983477
32753.166061244563,17.648125549745423
32773.205355108665,18.058547074158106
32793.244648972766,21.34191926945958
32813.28394283687,23.80444841593569
32833.32323670097,23.394026891523
32853.36253056507,21.752340793872264
32873.40182442917,22.983605367110318
32893.441118293274,21.34191926945958
32913.480412157376,21.752340793872264
32933.51970602148,21.34191926945958
32953.55899988559,17.23770402533274
32973.59829374969,20.931497745046897
32993.63758761379,21.752340793872264
33013.67688147789,20.521076220634214
33033.71617534199,19.28981164739616
33053.755469206095,14.364753354443948
33073.7947630702,25.03571298917374
33093.8340569343,21.752340793872264
33113.8733507984,12.312645732380528
33133.9126446625,23.80444841593569
33153.9519385266,24.214869940348372
33173.99123239071,21.752340793872264
33194.03052625481,15.596017927682002
33214.069820118915,18.879390122983477
33234.10911398302,21.752340793872264
33254.14840784712,21.34191926945958
33274.18770171122,14.775174878856633
33294.22699557532,16.006439452094686
33314.26628943942,20.521076220634214
33334.305583303525,15.596017927682002
33354.34487716763,19.28981164739616
33374.38417103173,16.41686097650737
33394.42346489584,15.596017927682002
33414.46275875994,16.006439452094686
33434.50205262404,16.827282500920056
33454.54134648814,16.827282500920056
33474.580640352244,13.954331830031265
33494.619934216345,15.185596403269317
33514.65922808045,18.879390122983477
33534.69852194455,17.23770402533274
33554.73781580865,13.954331830031265
33574.77710967275,15.596017927682002
33594.81640353685,16.41686097650737
33614.855697400955,21.34191926945958
33634.894991265064,15.185596403269317
33654.934285129166,14.364753354443948
33674.97357899327,13.954331830031265
33695.01287285737,14.364753354443948
33715.05216672147,17.23770402533274
33735.09146058557,15.185596403269317
33755.130754449674,19.28981164739616
33775.170048313776,15.596017927682002
33795.20934217788,10.67095963472979
33815.24863604198,11.902224207967844
33835.28792990608,12.312645732380528
33855.32722377019,10.67095963472979
33875.36651763429,10.67095963472979
33895.40581149839,12.723067256793213
33915.445105362494,14.775174878856633
33935.484399226596,10.260538110317107
33955.5236930907,16.827282500920056
33975.5629869548,12.312645732380528
33995.6022808189,11.902224207967844
34015.641574683,15.185596403269317
34035.680868547104,15.596017927682002
34055.720162411206,12.723067256793213
34075.759456275315,13.54391030561858
34095.79875013942,14.364753354443948
34115.83804400352,13.54391030561858
34135.87733786762,9.029273537079053
34155.91663173172,11.081381159142476
34175.95592559582,7.387587439428317
34195.995219459925,12.312645732380528
34216.034513324026,10.260538110317107
34236.07380718813,11.902224207967844
34256.11310105223,10.67095963472979
34276.15239491633,8.208430488253684
34296.19168878043,10.67095963472979
34316.23098264454,8.208430488253684
34336.27027650864,6.566744390602948
34356.309570372745,8.61885201266637
34376.34886423685,8.208430488253684
34396.38815810095,8.208430488253684
34416.42745196505,8.61885201266637
34436.46674582915,7.798008963841001
34456.50603969325,8.208430488253684
34476.545333557355,7.387587439428317
34496.58462742146,5.7459013417775795
34516.62392128556,5.7459013417775795
34536.66321514967,10.67095963472979
34556.70250901377,6.977165915015632
34576.74180287787,11.491802683555159
34596.78109674197,10.260538110317107
34616.82039060607,9.029273537079053
34636.859684470175,8.61885201266637
34656.89897833428,12.312645732380528
34676.93827219838,9.850116585904422
34696.97756606248,8.208430488253684
34717.01685992658,9.850116585904422
34737.05615379068,8.208430488253684
34757.095447654785,6.566744390602948
34777.134741518894,8.61885201266637
34797.174035382995,6.156322866190264
34817.2133292471,10.260538110317107
34837.2526231112,4.514636768539527
34857.2919169753,4.925058292952211
34877.3312108394,4.925058292952211
34897.370504703504,6.977165915015632
34917.409798567605,5.335479817364895
34937.44909243171,6.156322866190264
34957.48838629581,6.977165915015632
34977.52768015991,5.7459013417775795
34997.56697402402,4.925058292952211
35017.60626788812,5.7459013417775795
35037.64556175222,6.156322866190264
35057.684855616324,7.387587439428317
35077.724149480426,6.156322866190264
35097.76344334453,7.798008963841001
35117.80273720863,4.925058292952211
35137.84203107273,6.566744390602948
35157.88132493683,1.2312645732380527
35177.920618800934,4.104215244126842
35197.959912665036,2.8729506708887897
35217.999206529144,5.335479817364895
35238.038500393246,3.283372195301474
35258.07779425735,2.4625291464761054
35278.11708812145,5.335479817364895
35298.15638198555,5.335479817364895
35318.19567584965,5.335479817364895
35338.234969713754,3.283372195301474
35358.274263577856,1.2312645732380527
35378.31355744196,2.8729506708887897
35398.35285130606,2.052107622063421
35418.39214517016,2.052107622063421
35438.43143903426,2.052107622063421
35458.47073289837,4.104215244126842
35478.51002676247,2.052107622063421
35498.549320626575,2.052107622063421
35518.588614490676,4.925058292952211
35538.62790835478,2.4625291464761054
35558.66720221888,2.8729506708887897
35578.70649608298,2.8729506708887897
35598.74578994708,3.283372195301474
35618.785083811184,2.052107622063421
35638.824377675286,3.283372195301474
35658.86367153939,0.41042152441268426
35678.9029654035,1.641686097650737
35698.9422592676,2.8729506708887897
35718.9815531317,3.283372195301474
35739.0208469958,3.283372195301474
35759.0601408599,0.8208430488253685
35779.099434724005,2.4625291464761054
35799.13872858811,1.2312645732380527
35819.17802245221,2.052107622063421
35839.21731631631,2.052107622063421
35859.25661018041,0.8208430488253685
35879.29590404451,2.4625291464761054
35899.33519790862,1.641686097650737
35919.37449177272,2.052107622063421
35939.413785636825,1.2312645732380527
35959.45307950093,0.41042152441268426
35979.49237336503,2.4625291464761054
35999.53166722913,2.052107622063421
36019.57096109323,2.052107622063421
36039.61025495733,1.2312645732380527
36059.649548821435,2.4625291464761054
36079.68884268554,3.283372195301474
36099.72813654964,1.2312645732380527
36119.76743041374,2.8729506708887897
36139.80672427785,0.8208430488253685
36159.84601814195,1.641686097650737
36179.88531200605,2.052107622063421
36199.924605870154,0.8208430488253685
36219.963899734255,0.41042152441268426
36240.00319359836,2.8729506708887897
36260.04248746246,1.2312645732380527
36280.08178132656,2.4625291464761054
36300.12107519066,1.2312645732380527
36320.16036905476,2.052107622063421
36340.199662918865,2.052107622063421
36360.238956782974,2.052107622063421
36380.278250647076,2.052107622063421
36400.31754451118,1.2312645732380527
36420.35683837528,0.8208430488253685
36440.39613223938,1.2312645732380527
36460.43542610348,2.4625291464761054
36480.474719967584,0.8208430488253685
36500.514013831686,1.641686097650737
36520.55330769579,0.8208430488253685
36540.59260155989,1.2312645732380527
36560.63189542399,2.8729506708887897
36580.67118928809,2.052107622063421
36600.7104831522,0.41042152441268426
36620.7497770163,1.641686097650737
36640.789070880404,0.8208430488253685
36660.828364744506,2.8729506708887897
36680.86765860861,1.2312645732380527
36700.90695247271,1.2312645732380527
36720.94624633681,1.641686097650737
36740.98554020091,2.052107622063421
36761.024834065014,1.2312645732380527
36781.064127929116,1.2312645732380527
36801.10342179322,1.2312645732380527
36821.142715657326,1.641686097650737
36841.18200952143,0.8208430488253685
36861.22130338553,0.8208430488253685
36881.26059724963,0.41042152441268426
36901.29989111373,2.052107622063421
36921.339184977835,0.8208430488253685
36941.378478841936,2.4625291464761054
36961.41777270604,2.4625291464761054
36981.45706657014,0.0
37001.49636043424,0.41042152441268426
37021.53565429834,1.2312645732380527
37041.57494816245,0.41042152441268426
37061.61424202655,2.052107622063421
37081.653535890655,0.8208430488253685
37101.69282975476,1.2312645732380527
37121.73212361886,0.41042152441268426
37141.77141748296,1.2312645732380527
37161.81071134706,2.052107622063421
37181.85000521116,1.2312645732380527
37201.889299075265,0.41042152441268426
37221.928592939366,0.41042152441268426
37241.96788680347,0.8208430488253685
37262.00718066757,0.0
37282.04647453168,0.8208430488253685
37302.08576839578,0.41042152441268426
37322.12506225988,1.2312645732380527
37342.16435612398,1.2312645732380527
37362.203649988085,0.8208430488253685
37382.24294385219,1.2312645732380527
37402.28223771629,0.41042152441268426
37422.32153158039,1.641686097650737
37442.36082544449,2.052107622063421
37462.40011930859,1.641686097650737
37482.439413172695,0.8208430488253685
37502.478707036804,0.0
37522.518000900905,1.2312645732380527
37542.55729476501,1.641686097650737
37562.59658862911,0.41042152441268426
37582.63588249321,1.641686097650737
37602.67517635731,0.41042152441268426
37622.714470221414,0.41042152441268426
37642.753764085515,0.8208430488253685
37662.79305794962,2.052107622063421
37682.83235181372,0.0
37702.87164567782,0.41042152441268426
37722.91093954192,0.8208430488253685
37742.95023340603,0.8208430488253685
37762.98952727013,0.8208430488253685
37783.028821134234,0.0
37803.068114998336,1.2312645732380527
37823.10740886244,0.41042152441268426
37843.14670272654,1.2312645732380527
37863.18599659064,0.41042152441268426
37883.22529045474,1.2312645732380527
37903.264584318844,0.8208430488253685
37923.303878182945,0.0
37943.34317204705,2.052107622063421
37963.382465911156,0.41042152441268426
37983.42175977526,0.41042152441268426
38003.46105363936,0.41042152441268426
38023.50034750346,0.41042152441268426
38043.53964136756,0.41042152441268426
38063.578935231664,0.0
38083.618229095766,0.8208430488253685
38103.65752295987,0.0
38123.69681682397,1.2312645732380527
38143.73611068807,0.0
38163.77540455217,0.41042152441268426
38183.81469841628,0.41042152441268426
38203.85399228038,0.0
38223.893286144485,0.8208430488253685
38243.932580008586,0.8208430488253685
38263.97187387269,0.41042152441268426
38284.01116773679,0.8208430488253685
38304.05046160089,0.41042152441268426
38324.08975546499,0.8208430488253685
38344.129049329094,0.0
38364.168343193196,1.641686097650737
38384.2076370573,0.41042152441268426
38404.2469309214,0.41042152441268426
38424.28622478551,0.8208430488253685
38444.32551864961,0.0
38464.36481251371,0.0
38484.40410637781,0.8208430488253685
38504.443400241915,0.0
38524.48269410602,0.0
38544.52198797012,0.41042152441268426
38564.56128183422,1.2312645732380527
38584.60057569832,0.8208430488253685
38604.63986956242,0.41042152441268426
38624.679163426525,0.0
38644.71845729063,0.41042152441268426
38664.757751154735,0.41042152441268426
38684.79704501884,0.0
38704.83633888294,0.41042152441268426
38724.87563274704,0.41042152441268426
38744.91492661114,0.0
38764.95422047524,0.41042152441268426
38784.993514339345,0.41042152441268426
38805.03280820345,0.8208430488253685
38825.07210206755,0.41042152441268426
38845.11139593165,0.41042152441268426
38865.15068979576,0.0
38885.18998365986,1.2312645732380527
38905.22927752396,0.0
38925.268571388064,0.41042152441268426
38945.307865252165,1.2312645732380527
38965.34715911627,0.8208430488253685
38985.38645298037,0.41042152441268426
39005.42574684447,1.641686097650737
39025.46504070857,0.0
39045.50433457267,0.8208430488253685
39065.543628436775,0.41042152441268426
39085.58292230088,0.8208430488253685
39105.622216164986,0.0
39125.66151002909,0.8208430488253685
39145.70080389319,0.0
39165.74009775729,0.8208430488253685
39185.77939162139,0.0
39205.818685485494,0.0
39225.857979349596,0.41042152441268426
39245.8972732137,0.0
39265.9365670778,0.41042152441268426
39285.9758609419,0.41042152441268426
39306.015154806,0.8208430488253685
39326.05444867011,0.0
39346.09374253421,0.41042152441268426
39366.133036398314,0.41042152441268426
39386.172330262416,0.8208430488253685
39406.21162412652,0.8208430488253685
39426.25091799062,0.0
39446.29021185472,0.41042152441268426
39466.32950571882,0.8208430488253685
39486.368799582924,0.0
39506.408093447026,0.41042152441268426
39526.44738731113,0.41042152441268426
39546.48668117523,0.0
39566.52597503934,0.8208430488253685
39586.56526890344,0.41042152441268426
39606.60456276754,0.0
39626.64385663164,0.41042152441268426
39646.683150495744,0.41042152441268426
39666.722444359846,0.0
39686.76173822395,0.41042152441268426
39706.80103208805,0.0
39726.84032595215,0.41042152441268426
39746.87961981625,0.0
39766.918913680354,0.8208430488253685
39786.95820754446,0.0
39806.997501408565,0.0
39827.03679527267,0.0
39847.07608913677,0.0
39867.11538300087,0.41042152441268426
39887.15467686497,0.0
39907.19397072907,0.0
39927.233264593175,0.0
39947.272558457276,0.0
39967.31185232138,0.0
39987.35114618548,0.41042152441268426
40007.39044004959,0.0
40027.42973391369,0.0
40047.46902777779,0.0
40067.50832164189,0.0
40087.547615505995,0.0
40107.5869093701,0.0
40127.6262032342,0.41042152441268426
40147.6654970983,0.0
40167.7047909624,0.41042152441268426
40187.7440848265,0.41042152441268426
40207.783378690605,0.41042152441268426
40227.82267255471,0.8208430488253685
40247.861966418815,0.0
40267.90126028292,1.2312645732380527
40287.94055414702,0.8208430488253685
40307.97984801112,0.0
40328.01914187522,0.0
40348.05843573932,0.41042152441268426
40368.097729603425,0.0
40388.13702346753,0.0
40408.17631733163,0.0
40428.21561119573,0.0
40448.25490505983,0.41042152441268426
40468.29419892394,0.0
40488.33349278804,0.41042152441268426
40508.372786652144,0.0
40528.412080516246,0.41042152441268426
40548.45137438035,0.0
40568.49066824445,0.0
40588.52996210855,0.0
40608.56925597265,0.0
40628.608549836754,0.0
40648.647843700855,0.41042152441268426
40668.68713756496,0.0
40688.726431429066,0.0
40708.76572529317,0.0
40728.80501915727,0.0
40748.84431302137,0.41042152441268426
40768.88360688547,0.8208430488253685
40788.922900749574,0.8208430488253685
40808.962194613676,0.41042152441268426
40829.00148847778,0.41042152441268426
40849.04078234188,0.0
40869.08007620598,0.0
40889.11937007008,0.41042152441268426
40909.158663934184,0.0
40929.19795779829,0.0
40949.237251662395,0.0
40969.276545526496,0.0
40989.3158393906,0.8208430488253685
41009.3551332547,0.41042152441268426
