{
  "name": "Hiberbee Dark",
  "author": "Vlad Volkov",
  "dark": true,
  "editorScheme": "/colors/Dark.xml",
  "colors": {
    "black": "#000000",
    "editorDarkerBg": "#2D2B29",
    "shortcutForeground": "#2d2b29",
    "editorBg": "#1B1A19",
    "consoleBackground": "#171615",
    "editorPaneBg": "#333231",
    "panelBackground": "#333231",
    "textColor": "#f9f6ef",
    "textColorTransparent": "#f9f6ef7f",
    "border": "#4d4c4b",
    "redMac": "#fb3b45",
    "redWin": "#ef6950",
    "redMonokaiPro": "#ff6188",
    "blueWinPalette": "#409AE1",
    "blue": "#78dce8",
    "deepBlue": "#3199b3",
    "orangeMonokaiPro": "#fc9867",
    "greenMonokaiPro": "#a9dc76",
    "yellow": "#FFB900",
    "purpleWinPalette": "#b4a0ff",
    "purpleMonokaiPro": "#ab9df2",
    "greenWinPalette": "#40c5af",
    "greyWinPalette": "#b2b2b2",
    "panelText": "#acacac",
    "desaturatedOrange": "#8049117f",
    "green": "#92d923",
    "greyDot15": "#f9f6ef",
    "greyDot20": "#c0c0c0",
    "greyDot25": "#bfbfbf",
    "greyDot33": "#aaaaaa",
    "greyDot50": "#7d7d7d",
    "greyDot60": "#666666",
    "greyDot65": "#5a5a5a",
    "greyDot70": "#4d4c4b",
    "greyDot75": "#434241",
    "greyDot80": "#333231",
    "greyDot85": "#2d2b29",
    "greyDot90": "#1f1e1d",
    "greyDot95": "#242220",
    "greyDot100": "#181615",
    "lightBlue": "#70D7FF",
    "red": "#800040",
    "transparentGreen": "#5B80217f",
    "transparentRed": "#F250227f",
    "transparentViolet": "#242221ff",
    "transparentYellow": "#FFB9007f"
  },
  "ui": {
    "*": {
      "arc": 5,
      "background": "panelBackground",
      "borderColor": "border",
      "caretForeground": "yellow",
      "color": "greyDot60",
      "foreground": "textColor",
      "hoverBackground": "greyDot85",
      "selectedBackground": "greyDot90",
      "selectedForeground": "textColor",
      "selectedInactiveBackground": "greyDot75",
      "selectionBackground": "greyDot95",
      "selectionForeground": "yellow",
      "separatorColor": "border",
      "underlineHeight": 1
    },
    "ActionButton": {
      "pressedBackground": "greyDot95",
      "hoverBorderColor": "greyDot65",
      "pressedBorderColor": "greyDot60"
    },
    "Borders": {
      "ContrastBorderColor": "greyDot60",
      "color": "border"
    },
    "Button": {
      "arc": 5,
      "default": {
        "endBackground": "greyDot80",
        "endBorderColor": "greyDot70",
        "focusColor": "greyDot60",
        "focusedBorderColor": "greyDot50",
        "foreground": "greyDot33",
        "startBackground": "greyDot80",
        "startBorderColor": "greyDot70"
      },
      "shadowWidth": 1,
      "endBackground": "greyDot80",
      "endBorderColor": "greyDot70",
      "focusedBorderColor": "greyDot50",
      "foreground": "greyDot20",
      "disabledBorderColor": "greyDot75",
      "startBackground": "greyDot80",
      "startBorderColor": "greyDot70"
    },
    "CheckBox.disabledText": "greyDot50",
    "CheckBox.foreground": "greyDot33",
    "CheckBox.select": "greyDot50",
    "CheckBoxMenuItem.background": "greyDot80",
    "CheckBoxMenuItem.disabledBackground": "greyDot80",
    "CheckBoxMenuItem.disabledForeground": "greyDot50",
    "CheckBoxMenuItem.foreground": "greyDot20",
    "ColorChooser.background": "greyDot80",
    "ComboBox": {
      "ArrowButton": {
        "disabledIconColor": "textColorTransparent",
        "iconColor": "yellow",
        "nonEditableBackground": "greyDot65"
      },
      "background": "greyDot80",
      "disabledForeground": "greyDot50",
      "foreground": "greyDot20",
      "modifiedItemForeground": "yellow",
      "nonEditableBackground": "greyDot75",
      "selectionBackground": "greyDot95"
    },
    "CompletionPopup": {
      "foreground": "greyDot20",
      "matchForeground": "yellow",
      "selectionBackground": "greyDot95",
      "selectionInactiveBackground": "greyDot85"
    },
    "Component": {
      "arc": "4",
      "iconColor": "yellow",
      "disabledBorderColor": "greyDot75",
      "infoForeground": "greyDot50",
      "errorFocusColor": "red",
      "focusColor": "greyDot60",
      "focusWidth": 0,
      "focusedBorderColor": "greyDot65",
      "inactiveErrorFocusColor": "transparentRed",
      "inactiveWarningFocusColor": "transparentYellow",
      "warningFocusColor": "yellow"
    },
    "Debugger.Variables.changedValueForeground": "yellow",
    "Debugger.Variables.evaluatingExpressionForeground": "lightBlue",
    "DefaultTabs.borderColor": "border",
    "DefaultTabs.inactiveUnderlineColor": "border",
    "DefaultTabs.underlineColor": "yellow",
    "DefaultTabs.underlineHeight": 1,
    "DefaultTabs.underlinedTabForeground": "yellow",
    "DragAndDrop.areaBackground": "greyDot75",
    "DragAndDrop.areaForeground": "greyDot25",
    "Editor": {
      "background": "editorPaneBg",
      "foreground": "textColor",
      "shortcutForeground": "greyDot20"
    },
    "EditorPane": {
      "background": "editorPaneBg",
      "inactiveBackground": "editorDarkerBg",
      "inactiveForeground": "greyDot50",
      "selectionBackground": "editorBg",
      "selectionForeground": "textColor"
    },
    "EditorTabs": {
      "underlineHeight": 1,
      "borderColor": "editorDarkerBg",
      "hoverBackground": "editorBg",
      "background": "editorPaneBg",
      "inactiveUnderlineColor": "editorPaneBg",
      "underlinedTabForeground": "textColor"
    },
    "EditorTabs.inactiveColoredFileBackground": true,
    "FileColor": {
      "Blue": "#23282d",
      "Green": "#232d28",
      "Orange": "#2d2823",
      "Rose": "#2d2323",
      "Violet": "#2D232D",
      "Yellow": "#2d2d23"
    },
    "FormattedTextField": {
      "foreground": "textColor",
      "selectionBackground": "greyDot95",
      "inactiveBackground": "greyDot80",
      "inactiveForeground": "greyDot33",
      "background": "greyDot75"
    },
    "GutterTooltip": {
      "infoForeground": "greyDot33",
      "lineSeparatorColor": "greyDot70"
    },
    "InformationHint.borderColor": "greyDot75",
    "InplaceRefactoringPopup.borderColor": "greyDot75",
    "Label": {
      "disabledForeground": "greyDot33",
      "disabledText": "greyDot33",
      "foreground": "greyDot20",
      "infoForeground": "greyDot50"
    },
    "Link.hoverForeground": "yellow",
    "MemoryIndicator.allocatedBackground": "green",
    "MemoryIndicator.usedBackground": "red",
    "Menu": {
      "background": "greyDot80",
      "disabledForeground": "greyDot70",
      "separatorColor": "greyDot75",
      "foreground": "textColor",
      "borderColor": "greyDot70",
      "acceleratorForeground": "greyDot33"
    },
    "Notification.MoreButton.innerBorderColor": "greyDot65",
    "Notification.ToolWindow.errorBackground": "greyDot95",
    "Notification.ToolWindow.errorBorderColor": "red",
    "Notification.ToolWindow.errorForeground": "#EE7762",
    "Notification.ToolWindow.informativeBackground": "greyDot95",
    "Notification.ToolWindow.informativeBorderColor": "#92D923",
    "Notification.ToolWindow.informativeForeground": "#92D923",
    "Notification.ToolWindow.warningBackground": "greyDot95",
    "Notification.ToolWindow.warningBorderColor": "yellow",
    "Notification.ToolWindow.warningForeground": "yellow",
    "Notification.background": "greyDot95",
    "Notification.errorBackground": "greyDot95",
    "Notification.errorBorderColor": "red",
    "Notification.errorForeground": "#EE7762",
    "OptionPane": {
      "background": "editorPaneBg",
      "foreground": "greyDot20"
    },
    "Panel": {
      "background": "editorPaneBg",
      "foreground": "textColor"
    },
    "ParameterInfo.background": "greyDot85",
    "ParameterInfo.borderColor": "greyDot75",
    "ParameterInfo.currentOverloadBackground": "greyDot65",
    "ParameterInfo.currentParameterForeground": "yellow",
    "ParameterInfo.foreground": "greyDot25",
    "ParameterInfo.infoForeground": "greyDot33",
    "ParameterInfo.lineSeparatorColor": "greyDot75",
    "PasswordField.background": "greyDot75",
    "Plugins.Button.installBackground": "greyDot80",
    "Plugins.Button.installBorderColor": "greyDot60",
    "Plugins.Button.installFillBackground": "greyDot80",
    "Plugins.Button.installFillForeground": "greyDot25",
    "Plugins.Button.installForeground": "yellow",
    "Plugins.SearchField.background": "greyDot75",
    "Plugins.SectionHeader.background": "greyDot75",
    "Plugins.Tab.hoverBackground": "editorBg",
    "Plugins.Tab.selectedBackground": "editorPaneBg",
    "Plugins.background": "editorPaneBg",
    "Plugins.lightSelectionBackground": "#242220",
    "Plugins.disabledForeground": "greyDot50",
    "Plugins.tagBackground": "editorBg",
    "Plugins.tagForeground": "greyDot33",
    "Plugins.hoverBackground": "editorBg",
    "Popup.Advertiser.background": "greyDot85",
    "Popup.Advertiser.foreground": "greyDot50",
    "Popup.Header.activeBackground": "greyDot75",
    "Popup.Header.inactiveBackground": "greyDot85",
    "Popup.paintBorder": false,
    "PopupMenu.background": "greyDot80",
    "PopupMenuSeparator.stripeWidth": 1,
    "ProgressBar.failedColor": "red",
    "ProgressBar.failedEndColor": "greyDot75",
    "ProgressBar.indeterminateEndColor": "#FD971F",
    "ProgressBar.indeterminateStartColor": "yellow",
    "ProgressBar.passedColor": "green",
    "ProgressBar.passedEndColor": "greyDot75",
    "ProgressBar.progressColor": "yellow",
    "ProgressBar.trackColor": "greyDot75",
    "RadioButton.background": "greyDot80",
    "RadioButton.disabledText": "greyDot70",
    "RadioButtonMenuItem.disabledBackground": "greyDot80",
    "ScrollPane.background": "greyDot80",
    "SearchEverywhere.Advertiser.foreground": "greyDot50",
    "SearchEverywhere.Header.background": "greyDot80",
    "SearchEverywhere.List.separatorForeground": "greyDot50",
    "SearchEverywhere.SearchField.background": "greyDot75",
    "SearchEverywhere.SearchField.infoForeground": "greyDot33",
    "SearchEverywhere.Tab.selectedBackground": "greyDot95",
    "SearchEverywhere.Tab.selectedForeground": "yellow",
    "SearchMatch.endBackground": "yellow",
    "SearchMatch.startBackground": "yellow",
    "SidePanel.background": "greyDot85",
    "SpeedSearch.errorForeground": "red",
    "SpeedSearch.foreground": "yellow",
    "SplitPane.highlight": "yellow",
    "TabbedPane.disabledUnderlineColor": "editorPaneBg",
    "TabbedPane.focus": "greyDot75",
    "TabbedPane.focusColor": "greyDot33",
    "TabbedPane.tabSelectionHeight": 1,
    "TabbedPane.underlineColor": "yellow",
    "Table.dropLineColor": "greyDot75",
    "Table.dropLineShortColor": "greyDot70",
    "Table.focusCellBackground": "greyDot85",
    "Table.focusCellForeground": "yellow",
    "Table.sortIconColor": "yellow",
    "Table.stripeColor": "greyDot75",
    "TableHeader.background": "greyDot85",
    "TableHeader.bottomSeparatorColor": "greyDot65",
    "TextArea.background": "greyDot75",
    "TextArea.caretForeground": "yellow",
    "TextArea.inactiveBackground": "greyDot80",
    "TextArea.selectionBackground": "greyDot95",
    "TextField.background": "greyDot75",
    "TextField.caretForeground": "yellow",
    "TextField.foreground": "greyDot33",
    "TextField.highlight": "yellow",
    "TextField.inactiveForeground": "greyDot33",
    "TextPane.inactiveBackground": "greyDot80",
    "TextPane.inactiveForeground": "greyDot50",
    "TitlePane.background": "greyDot85",
    "ToggleButton.buttonColor": "greyDot65",
    "ToggleButton.offBackground": "greyDot75",
    "ToggleButton.offForeground": "greyDot25",
    "ToggleButton.onBackground": "yellow",
    "ToggleButton.onForeground": "greyDot80",
    "ToolBar.borderHandleColor": "greyDot65",
    "ToolTip.Actions.background": "greyDot80",
    "ToolTip.Actions.infoForeground": "greyDot50",
    "ToolTip.background": "greyDot80",
    "ToolTip.borderColor": "border",
    "ToolTip.infoForeground": "greyDot50",
    "ToolWindow.Button.hoverBackground": "greyDot95",
    "ToolWindow.Button.selectedBackground": "greyDot95",
    "ToolWindow.Button.selectedForeground": "yellow",
    "ToolWindow.Header.background": "greyDot85",
    "ToolWindow.Header.inactiveBackground": "editorPaneBg",
    "ToolWindow.HeaderTab.hoverBackground": "consoleBackground",
    "ToolWindow.HeaderTab.hoverInactiveBackground": "editorBg",
    "ToolWindow.HeaderTab.underlineColor": "yellow",
    "ToolWindow.HeaderTab.underlineHeight": 1,
    "Tooltip.separatorColor": "border",
    "Tree.background": "greyDot85",
    "Tree.foreground": "textColor",
    "Tree.hoverBackground": "greyDot95",
    "Tree.modifiedItemForeground": "yellow",
    "Tree.selectionBackground": "greyDot95",
    "Tree.selectionInactiveBackground": "greyDot95",
    "ValidationTooltip.errorBackground": "greyDot95",
    "ValidationTooltip.errorBorderColor": "red",
    "ValidationTooltip.warningBackground": "greyDot95",
    "ValidationTooltip.warningBorderColor": "yellow",
    "VersionControl.FileHistory.Commit.selectedBranchBackground": "greyDot95",
    "VersionControl.Log.Commit.currentBranchBackground": "greyDot85",
    "VersionControl.Log.Commit.hoveredBackground": "greyDot95",
    "VersionControl.Log.Commit.unmatchedForeground": "greyDot25",
    "WelcomeScreen.Details.background": "greyDot80",
    "WelcomeScreen.Projects.background": "greyDot85",
    "WelcomeScreen.Projects.selectionBackground": "greyDot95",
    "WelcomeScreen.SidePanel.background": "greyDot80",
    "WelcomeScreen.background": "greyDot80",
    "WelcomeScreen.borderColor": "border",
    "WelcomeScreen.separatorColor": "border",
    "Window.border": "0,0,0,0,4d4d4d"
  }
}
